step,infected_agents,exposed_agents,recovered_agents,dead_agents,asympt_agents
0,4,0,0,0,4
1,5,0,0,0,5
2,5,2,0,0,5
3,5,2,0,0,5
4,5,2,0,0,5
5,5,2,0,0,5
6,5,2,0,0,5
7,5,2,0,0,5
8,5,3,0,0,5
9,5,3,0,0,5
10,5,3,0,0,5
11,5,3,0,0,5
12,5,3,0,0,5
13,5,3,0,0,5
14,5,3,0,0,5
15,5,3,0,0,5
16,5,3,0,0,5
17,5,4,0,0,5
18,5,5,0,0,5
19,5,5,0,0,5
20,5,5,0,0,5
21,5,5,0,0,5
22,5,5,0,0,5
23,5,5,0,0,5
24,5,6,0,0,5
25,5,6,0,0,5
26,5,6,0,0,5
27,5,6,0,0,5
28,5,6,0,0,5
29,5,6,0,0,5
30,5,6,0,0,5
31,5,6,0,0,5
32,5,6,0,0,5
33,5,6,0,0,5
34,5,6,0,0,5
35,5,6,0,0,5
36,5,7,0,0,5
37,5,7,0,0,5
38,5,7,0,0,5
39,5,7,0,0,5
40,5,7,0,0,5
41,5,7,0,0,5
42,5,7,0,0,5
43,5,7,0,0,5
44,5,7,0,0,5
45,5,7,0,0,5
46,5,7,0,0,5
47,5,7,0,0,5
48,5,7,0,0,5
49,5,7,0,0,5
50,5,7,0,0,5
51,9,7,0,0,9
52,9,7,0,0,9
53,9,7,0,0,9
54,9,7,0,0,9
55,9,8,0,0,9
56,9,8,0,0,9
57,9,8,0,0,9
58,9,8,0,0,9
59,9,8,0,0,9
60,9,8,0,0,9
61,9,8,0,0,9
62,9,8,0,0,9
63,9,8,0,0,9
64,9,8,0,0,9
65,9,8,0,0,9
66,9,9,0,0,9
67,9,9,0,0,9
68,9,9,0,0,9
69,9,9,0,0,9
70,9,9,0,0,9
71,9,9,0,0,9
72,9,9,0,0,9
73,9,9,0,0,9
74,9,9,0,0,9
75,9,9,0,0,9
76,9,9,0,0,9
77,9,9,0,0,9
78,9,9,0,0,9
79,9,9,0,0,9
80,9,9,0,0,9
81,9,9,0,0,9
82,9,9,0,0,9
83,9,9,0,0,9
84,9,9,0,0,9
85,9,9,0,0,9
86,9,9,0,0,9
87,9,9,0,0,9
88,9,9,0,0,9
89,9,9,0,0,9
90,9,9,0,0,9
91,9,9,0,0,9
92,9,9,0,0,9
93,9,9,0,0,9
94,9,9,0,0,9
95,9,9,0,0,9
96,9,9,0,0,9
97,9,9,0,0,9
98,9,9,0,0,9
99,9,9,0,0,9
100,9,9,0,0,9
101,9,9,0,0,9
102,9,9,0,0,9
103,9,9,0,0,9
104,9,9,0,0,9
105,9,9,0,0,9
106,9,9,0,0,9
107,9,9,0,0,9
108,9,9,0,0,9
109,9,9,0,0,9
110,9,9,0,0,9
111,9,9,0,0,9
112,9,9,0,0,9
113,9,9,0,0,9
114,9,9,0,0,9
115,9,9,0,0,9
116,9,9,0,0,9
117,9,9,0,0,9
118,9,10,0,0,9
119,9,10,0,0,9
120,9,10,0,0,9
121,9,12,0,0,9
122,9,12,0,0,9
123,9,12,0,0,9
124,9,12,0,0,9
125,9,12,0,0,9
126,9,12,0,0,9
127,9,13,0,0,9
128,9,13,0,0,9
129,9,13,0,0,9
130,10,12,0,0,10
131,10,12,0,0,10
132,10,12,0,0,10
133,10,12,0,0,10
134,10,13,0,0,10
135,10,13,0,0,10
136,10,13,0,0,10
137,10,14,0,0,10
138,10,14,0,0,10
139,10,14,0,0,10
140,10,15,0,0,10
141,10,15,0,0,10
142,10,16,0,0,10
143,10,16,0,0,10
144,10,16,0,0,10
145,10,16,0,0,10
146,10,16,0,0,10
147,10,16,0,0,10
148,10,16,0,0,10
149,10,16,0,0,10
150,10,17,0,0,10
151,14,17,0,0,14
152,14,17,0,0,14
153,14,17,0,0,14
154,14,17,0,0,14
155,14,17,0,0,14
156,14,17,0,0,14
157,14,18,0,0,14
158,14,18,0,0,14
159,14,18,0,0,14
160,14,18,0,0,14
161,14,18,0,0,14
162,14,18,0,0,14
163,14,18,0,0,14
164,14,18,0,0,14
165,14,18,0,0,14
166,14,18,0,0,14
167,14,18,0,0,14
168,14,19,0,0,13
169,14,19,0,0,13
170,14,19,0,0,13
171,14,19,0,0,13
172,14,19,0,0,13
173,14,19,0,0,13
174,14,19,0,0,13
175,14,19,0,0,13
176,14,19,0,0,13
177,14,19,0,0,13
178,14,19,0,0,13
179,14,19,0,0,13
180,14,19,0,0,13
181,14,19,0,0,13
182,14,19,0,0,13
183,14,19,0,0,13
184,14,19,0,0,13
185,14,19,0,0,13
186,14,19,0,0,13
187,14,19,0,0,13
188,14,20,0,0,13
189,14,20,0,0,13
190,15,19,0,0,14
191,15,19,0,0,14
192,15,19,0,0,14
193,15,20,0,0,14
194,15,20,0,0,14
195,15,20,0,0,14
196,15,20,0,0,14
197,15,21,0,0,14
198,15,21,0,0,14
199,15,21,0,0,14
200,15,21,0,0,14
201,15,21,0,0,14
202,16,21,0,0,15
203,16,22,0,0,15
204,16,22,0,0,15
205,16,22,0,0,15
206,16,23,0,0,15
207,16,23,0,0,15
208,16,23,0,0,15
209,16,23,0,0,15
210,16,23,0,0,15
211,16,23,0,0,15
212,17,22,0,0,16
213,17,22,0,0,16
214,17,22,0,0,16
215,17,22,0,0,16
216,17,23,0,0,16
217,17,23,0,0,16
218,17,24,0,0,16
219,17,24,0,0,16
220,17,24,0,0,16
221,17,24,0,0,16
222,17,24,0,0,16
223,17,24,0,0,16
224,17,24,0,0,16
225,17,24,0,0,16
226,17,25,0,0,16
227,18,24,0,0,16
228,18,24,0,0,16
229,18,24,0,0,16
230,18,24,0,0,16
231,18,24,0,0,16
232,18,24,0,0,16
233,18,24,0,0,16
234,18,26,0,0,16
235,18,26,0,0,16
236,18,26,0,0,16
237,18,26,0,0,16
238,18,26,0,0,16
239,18,26,0,0,16
240,18,26,0,0,16
241,18,27,0,0,16
242,18,27,0,0,16
243,18,27,0,0,16
244,18,28,0,0,16
245,18,28,0,0,16
246,18,28,0,0,16
247,18,28,0,0,16
248,19,28,0,0,16
249,19,28,0,0,16
250,21,27,0,0,18
251,23,27,0,0,20
252,23,28,0,0,20
253,23,28,0,0,20
254,23,28,0,0,20
255,24,27,0,0,21
256,24,27,0,0,21
257,24,27,0,0,21
258,24,27,0,0,21
259,26,25,0,0,23
260,26,25,0,0,23
261,27,24,0,0,24
262,27,25,0,0,24
263,27,25,0,0,24
264,27,25,0,0,24
265,27,26,0,0,24
266,27,28,0,0,24
267,27,28,0,0,24
268,27,28,0,0,24
269,28,27,0,0,24
270,28,28,0,0,24
271,28,28,0,0,24
272,28,28,0,0,24
273,28,28,0,0,24
274,28,28,0,0,24
275,28,28,0,0,24
276,28,28,0,0,24
277,28,28,0,0,24
278,28,28,0,0,24
279,28,28,0,0,24
280,28,28,0,0,24
281,28,28,0,0,24
282,28,28,0,0,24
283,28,28,0,0,24
284,28,29,0,0,24
285,28,29,0,0,24
286,28,29,0,0,24
287,28,29,0,0,24
288,28,29,0,0,24
289,28,29,0,0,24
290,28,30,0,0,24
291,28,30,0,0,24
292,28,30,0,0,23
293,28,31,0,0,23
294,29,30,0,0,24
295,29,32,0,0,24
296,29,32,0,0,24
297,29,32,0,0,24
298,29,32,0,0,24
299,29,32,0,0,24
300,29,33,0,0,24
301,30,33,0,0,25
302,30,33,0,0,25
303,30,33,0,0,25
304,30,33,0,0,25
305,30,33,0,0,25
306,30,33,0,0,25
307,30,33,0,0,25
308,30,34,0,0,25
309,30,34,0,0,25
310,30,34,0,0,25
311,30,34,0,0,25
312,30,34,0,0,25
313,30,35,0,0,25
314,30,35,0,0,25
315,30,35,0,0,25
316,31,36,0,0,26
317,31,36,0,0,26
318,31,36,0,0,26
319,31,38,0,0,26
320,31,38,0,0,26
321,31,38,0,0,26
322,32,38,0,0,27
323,32,38,0,0,27
324,32,38,0,0,27
325,32,38,0,0,27
326,32,40,0,0,27
327,32,40,0,0,27
328,33,39,0,0,28
329,34,39,0,0,28
330,34,39,0,0,28
331,34,39,0,0,28
332,34,39,0,0,28
333,34,39,0,0,28
334,34,39,0,0,28
335,36,37,0,0,30
336,36,37,0,0,30
337,36,38,0,0,30
338,36,38,0,0,29
339,36,40,0,0,29
340,36,40,0,0,29
341,37,39,0,0,30
342,37,39,0,0,30
343,37,40,0,0,30
344,37,39,0,0,30
345,37,39,0,0,30
346,37,39,0,0,30
347,37,39,0,0,30
348,37,39,0,0,30
349,37,39,0,0,30
350,37,39,0,0,30
351,41,39,0,0,34
352,41,41,0,0,34
353,41,41,0,0,34
354,41,42,0,0,34
355,41,42,0,0,34
356,41,42,0,0,34
357,41,42,0,0,34
358,41,43,0,0,34
359,41,43,0,0,34
360,41,44,0,0,34
361,41,46,0,0,34
362,42,45,0,0,35
363,42,46,0,0,34
364,42,46,0,0,34
365,42,46,0,0,34
366,42,46,0,0,34
367,42,46,0,0,34
368,42,46,0,0,34
369,42,46,0,0,34
370,42,46,0,0,34
371,42,46,0,0,34
372,42,46,0,0,34
373,43,45,0,0,35
374,43,45,0,0,35
375,43,46,0,0,35
376,43,47,0,0,35
377,44,46,0,0,35
378,44,46,0,0,35
379,44,47,0,0,35
380,44,48,0,0,35
381,44,48,0,0,34
382,44,49,0,0,34
383,44,50,0,0,34
384,44,50,0,0,34
385,45,49,0,0,35
386,45,49,0,0,35
387,46,48,0,0,36
388,47,48,0,0,36
389,47,49,0,0,36
390,47,49,0,0,36
391,48,48,0,0,37
392,48,48,0,0,37
393,48,49,0,0,37
394,48,50,0,0,37
395,48,50,0,0,37
396,48,50,0,0,37
397,48,50,0,0,37
398,49,50,0,0,38
399,49,50,0,0,38
400,49,50,0,0,38
401,49,50,0,0,38
402,50,49,0,0,39
403,50,49,0,0,39
404,50,49,0,0,39
405,50,49,0,0,39
406,50,49,0,0,39
407,50,49,0,0,39
408,50,49,0,0,39
409,52,48,0,0,40
410,53,47,0,0,40
411,53,47,0,0,40
412,53,47,0,0,40
413,53,47,0,0,40
414,53,48,0,0,40
415,53,48,0,0,40
416,53,48,0,0,40
417,54,48,0,0,41
418,54,48,0,0,41
419,54,49,0,0,41
420,54,49,0,0,41
421,54,50,0,0,41
422,54,50,0,0,41
423,54,50,0,0,41
424,54,50,0,0,41
425,54,50,0,0,41
426,54,50,0,0,41
427,54,51,0,0,41
428,54,52,0,0,41
429,54,52,0,0,41
430,55,51,0,0,42
431,55,52,0,0,42
432,55,52,0,0,42
433,55,52,0,0,42
434,55,52,0,0,42
435,56,51,0,0,42
436,56,51,0,0,42
437,57,50,0,0,42
438,57,50,0,0,42
439,57,50,0,0,42
440,57,50,0,0,42
441,57,50,0,0,42
442,58,49,0,0,43
443,58,50,0,0,43
444,58,50,0,0,43
445,58,50,0,0,43
446,58,50,0,0,43
447,58,50,0,0,43
448,59,50,0,0,44
449,59,50,0,0,44
450,59,51,0,0,44
451,59,51,0,0,44
452,59,52,0,0,44
453,59,55,0,0,44
454,59,55,0,0,44
455,60,55,0,0,44
456,62,56,0,0,46
457,62,56,0,0,46
458,62,56,0,0,46
459,63,55,0,0,47
460,63,57,0,0,47
461,63,57,0,0,47
462,63,57,0,0,47
463,63,57,0,0,47
464,63,57,0,0,47
465,64,56,0,0,48
466,64,56,0,0,48
467,64,56,0,0,48
468,64,56,0,0,48
469,64,57,0,0,48
470,65,56,0,0,49
471,65,57,0,0,49
472,65,57,0,0,49
473,66,56,0,0,49
474,68,54,0,0,50
475,68,54,0,0,50
476,68,54,0,0,50
477,68,56,0,0,50
478,68,56,0,0,50
479,69,55,0,0,51
480,70,54,0,0,52
481,70,55,0,0,52
482,70,56,0,0,52
483,70,56,0,0,52
484,70,56,0,0,52
485,70,56,0,0,52
486,70,56,0,0,52
487,70,56,0,0,52
488,70,56,0,0,52
489,70,56,0,0,52
490,70,56,0,0,52
491,70,57,0,0,52
492,70,57,0,0,52
493,71,56,0,0,53
494,72,55,0,0,53
495,72,55,0,0,53
496,73,55,0,0,53
497,73,57,0,0,53
498,73,57,0,0,53
499,73,58,0,0,53
500,74,57,0,0,53
501,74,58,0,0,53
502,74,58,0,0,53
503,74,58,0,0,53
504,74,59,0,0,53
505,74,59,0,0,53
506,74,59,0,0,53
507,74,60,0,0,53
508,74,60,0,0,53
509,74,61,0,0,53
510,76,61,0,0,54
511,76,61,0,0,54
512,76,61,0,0,54
513,76,61,0,0,54
514,76,61,0,0,54
515,77,60,0,0,55
516,77,60,0,0,55
517,77,60,0,0,55
518,78,60,0,0,56
519,78,60,0,0,56
520,78,61,0,0,56
521,78,62,0,0,56
522,79,61,0,0,57
523,80,61,0,0,57
524,80,61,0,0,57
525,80,61,0,0,57
526,80,62,0,0,57
527,80,62,0,0,56
528,80,64,0,0,56
529,80,64,0,0,56
530,80,65,0,0,56
531,81,64,0,0,57
532,81,64,0,0,57
533,80,65,0,1,57
534,80,66,0,1,57
535,80,66,0,1,57
536,80,67,0,1,57
537,80,67,0,1,57
538,80,67,0,1,57
539,80,67,0,1,57
540,80,67,0,1,57
541,80,67,0,1,57
542,80,68,0,1,57
543,80,69,0,1,57
544,80,70,0,1,57
545,80,71,0,1,56
546,80,71,0,1,56
547,80,71,0,1,56
548,79,71,0,2,56
549,80,70,0,2,57
550,82,69,0,2,59
551,83,68,0,2,59
552,83,68,0,2,59
553,83,68,0,2,59
554,84,67,0,2,60
555,84,67,0,2,60
556,84,67,0,2,60
557,84,67,0,2,60
558,84,68,0,2,60
559,84,69,0,2,60
560,85,69,0,2,61
561,85,70,0,2,61
562,85,70,0,2,61
563,87,68,0,2,62
564,87,68,0,2,62
565,87,68,0,2,62
566,87,68,0,2,62
567,89,68,0,2,64
568,89,69,0,2,64
569,89,69,0,2,64
570,89,69,0,2,64
571,89,70,0,2,64
572,89,70,0,2,64
573,90,70,0,2,65
574,90,71,0,2,65
575,91,72,0,2,65
576,92,71,0,2,66
577,92,72,0,2,66
578,93,71,0,2,67
579,93,71,0,2,67
580,93,71,0,2,67
581,93,72,0,2,67
582,94,73,0,2,66
583,95,73,0,2,66
584,95,75,0,2,66
585,95,75,0,2,66
586,95,75,0,2,66
587,96,75,0,2,67
588,97,74,0,2,67
589,98,73,0,2,68
590,98,73,0,2,68
591,98,73,0,2,68
592,98,74,0,2,68
593,98,74,0,2,68
594,98,74,0,2,68
595,99,74,0,2,68
596,99,75,0,2,68
597,99,75,0,2,68
598,100,75,0,2,69
599,100,76,0,2,69
600,100,77,0,2,69
601,101,77,0,2,69
602,101,77,0,2,69
603,101,78,0,2,69
604,101,78,0,2,69
605,101,78,0,2,69
606,101,78,0,2,69
607,101,78,0,2,69
608,101,78,0,2,69
609,101,79,0,2,69
610,102,78,0,2,70
611,104,79,0,2,72
612,104,81,0,2,72
613,104,81,0,2,72
614,105,80,0,2,73
615,105,80,0,2,73
616,105,80,0,2,73
617,105,80,0,2,73
618,105,80,0,2,73
619,108,78,0,2,75
620,108,78,0,2,75
621,108,78,0,2,75
622,108,79,0,2,75
623,108,79,0,2,75
624,108,81,0,2,75
625,108,81,0,2,75
626,108,81,0,2,75
627,108,81,0,2,75
628,108,82,0,2,75
629,108,83,0,2,74
630,108,83,0,2,74
631,108,83,0,2,74
632,108,83,0,2,74
633,108,83,0,2,74
634,108,84,0,2,74
635,108,84,0,2,74
636,108,84,0,2,74
637,108,84,0,2,74
638,108,86,0,2,74
639,108,86,0,2,74
640,109,86,0,2,75
641,109,86,0,2,75
642,109,86,0,2,75
643,109,86,0,2,75
644,109,87,0,2,75
645,110,88,0,2,76
646,111,87,0,2,77
647,111,87,0,2,77
648,112,86,0,2,77
649,112,88,0,2,77
650,112,88,0,2,77
651,113,87,0,2,77
652,113,88,0,2,77
653,113,87,0,2,77
654,113,87,0,2,76
655,114,87,0,2,76
656,114,86,0,2,75
657,114,86,0,2,75
658,116,84,0,2,77
659,116,84,0,2,77
660,116,85,0,2,77
661,116,86,0,2,77
662,116,86,0,2,77
663,116,87,0,2,77
664,117,86,0,2,77
665,117,86,0,2,77
666,117,86,0,2,77
667,117,86,0,2,77
668,119,85,0,2,79
669,120,86,0,2,78
670,121,85,0,2,79
671,121,85,0,2,79
672,121,84,0,2,78
673,121,84,0,2,78
674,121,84,0,2,78
675,122,84,0,2,78
676,122,84,0,2,78
677,122,84,0,2,78
678,122,86,0,2,78
679,123,85,0,2,78
680,124,84,0,2,79
681,124,85,0,2,79
682,125,84,0,2,78
683,125,84,0,2,78
684,126,84,0,2,79
685,126,84,0,2,79
686,127,84,0,2,80
687,127,85,0,2,80
688,127,85,0,2,80
689,128,84,0,2,81
690,129,83,0,2,82
691,129,83,0,2,82
692,129,83,0,2,82
693,130,83,0,2,83
694,130,84,0,2,83
695,130,84,0,2,83
696,130,84,0,2,83
697,131,83,0,2,84
698,130,85,0,3,84
699,130,85,0,3,84
700,131,84,0,3,84
701,132,83,0,3,84
702,133,82,0,3,84
703,134,81,0,3,84
704,135,80,0,3,85
705,135,80,0,3,85
706,135,82,0,3,85
707,135,83,0,3,85
708,135,86,0,3,86
709,135,86,0,3,86
710,135,87,0,3,86
711,135,87,0,3,86
712,135,87,0,3,86
713,135,87,0,3,86
714,135,87,0,3,86
715,135,87,0,3,86
716,135,87,0,3,86
717,136,86,0,3,86
718,136,86,0,3,85
719,136,88,0,3,85
720,137,87,0,3,85
721,137,88,0,3,85
722,138,87,0,3,86
723,138,87,0,3,86
724,138,86,0,4,86
725,138,86,0,4,86
726,138,86,0,4,86
727,139,86,0,4,86
728,139,86,0,4,86
729,139,86,0,4,86
730,141,84,0,4,88
731,142,83,0,4,89
732,143,82,0,4,90
733,143,83,0,4,90
734,143,83,0,4,90
735,143,83,0,4,90
736,143,83,0,4,90
737,143,84,0,4,90
738,143,84,0,4,90
739,142,84,0,5,90
740,142,84,0,5,90
741,142,86,0,5,90
742,143,85,0,5,90
743,143,85,0,5,89
744,143,85,0,5,89
745,145,83,0,5,91
746,145,83,0,5,91
747,145,84,0,5,91
748,146,84,0,5,92
749,146,86,0,5,92
750,146,88,0,5,92
751,146,88,0,5,92
752,146,88,0,5,92
753,147,87,0,5,92
754,147,87,0,5,91
755,147,87,0,5,91
756,147,87,0,5,91
757,147,87,0,5,91
758,147,88,0,5,90
759,147,88,0,5,90
760,147,89,0,5,90
761,147,89,0,5,90
762,148,88,0,5,91
763,148,90,0,5,91
764,148,90,0,5,91
765,148,90,0,5,91
766,148,90,0,5,91
767,148,90,0,5,91
768,149,89,0,5,92
769,149,92,0,5,92
770,149,92,0,5,92
771,149,92,0,5,92
772,150,92,0,5,93
773,150,92,0,5,92
774,150,92,0,5,92
775,150,93,0,5,92
776,150,93,0,5,92
777,150,93,0,5,92
778,150,93,0,5,92
779,150,93,0,5,92
780,150,94,0,5,92
781,150,94,0,5,92
782,150,94,0,5,92
783,150,95,0,5,92
784,150,96,0,5,92
785,151,95,0,5,91
786,151,95,0,5,91
787,151,96,0,5,90
788,152,96,0,5,91
789,153,95,0,5,92
790,153,95,0,5,92
791,154,95,0,5,92
792,154,95,0,5,92
793,154,95,0,5,92
794,155,94,0,5,93
795,155,94,0,5,93
796,155,94,0,5,92
797,155,95,0,5,92
798,154,95,0,6,92
799,153,95,0,7,92
800,154,94,0,7,92
801,154,94,0,7,92
802,153,94,0,8,92
803,153,94,0,8,92
804,153,95,0,8,91
805,153,97,0,8,91
806,153,97,0,8,91
807,153,97,0,8,91
808,153,97,0,8,91
809,153,97,0,8,91
810,153,97,0,8,91
811,153,97,0,8,91
812,153,98,0,8,91
813,153,98,0,8,91
814,153,98,0,8,90
815,154,97,0,8,91
816,154,97,0,8,91
817,154,97,0,8,91
818,154,97,0,8,91
819,154,98,0,8,91
820,155,97,0,8,89
821,155,98,0,8,89
822,155,99,0,8,89
823,155,99,0,8,89
824,156,99,0,8,89
825,156,99,0,8,89
826,156,99,0,8,89
827,155,99,0,9,89
828,155,99,0,9,89
829,155,100,0,9,89
830,155,100,0,9,89
831,156,99,0,9,90
832,157,98,0,9,91
833,156,98,1,9,90
834,157,97,1,9,91
835,157,97,1,9,91
836,157,97,1,9,91
837,158,96,1,9,92
838,158,97,1,9,92
839,158,97,1,9,92
840,157,98,2,9,91
841,157,98,2,9,91
842,157,100,2,9,91
843,157,101,2,9,91
844,157,102,2,9,91
845,157,102,2,9,91
846,157,102,2,9,91
847,158,102,2,9,92
848,158,103,2,9,92
849,159,102,2,9,93
850,159,102,2,9,93
851,159,102,2,9,93
852,159,102,2,9,93
853,159,102,2,9,93
854,158,102,3,9,91
855,158,102,3,9,90
856,158,102,3,9,90
857,158,102,3,9,90
858,158,102,3,9,90
859,159,101,3,9,91
860,159,101,3,9,91
861,159,102,3,9,91
862,159,102,3,9,91
863,160,101,3,9,91
864,160,101,3,9,91
865,161,100,3,9,92
866,162,100,3,9,92
867,162,100,3,9,92
868,162,101,3,9,92
869,163,100,3,9,92
870,163,100,3,9,92
871,164,99,3,9,93
872,164,99,3,9,93
873,166,97,3,9,94
874,166,97,3,9,94
875,166,97,3,9,94
876,167,96,3,9,95
877,167,97,3,9,95
878,167,97,3,9,95
879,168,95,3,9,95
880,168,95,3,9,95
881,168,95,3,9,95
882,170,93,3,9,96
883,170,93,3,9,96
884,170,93,3,9,96
885,169,93,3,10,96
886,169,95,3,10,96
887,169,95,4,10,96
888,168,97,5,10,94
889,168,97,5,10,94
890,168,97,5,10,94
891,168,97,5,10,94
892,168,98,5,10,94
893,168,98,5,10,94
894,168,98,5,10,94
895,169,97,5,10,95
896,168,96,6,10,94
897,168,96,6,10,94
898,168,96,6,10,94
899,168,96,6,10,94
900,168,96,6,10,94
901,169,97,6,10,93
902,169,97,6,10,93
903,169,97,6,10,93
904,169,98,6,10,93
905,169,99,6,10,93
906,169,99,6,10,93
907,169,99,6,10,93
908,170,98,6,10,94
909,170,98,6,10,94
910,170,98,6,10,94
911,171,98,6,10,95
912,172,97,6,10,95
913,173,95,7,10,95
914,174,94,7,10,95
915,174,94,7,10,95
916,174,94,7,10,95
917,174,94,7,10,95
918,174,94,7,10,95
919,174,95,7,10,95
920,174,95,7,10,95
921,174,95,7,10,95
922,174,95,7,10,95
923,174,95,7,10,95
924,174,95,7,10,95
925,174,96,7,10,95
926,174,97,7,10,95
927,175,96,7,10,96
928,175,96,7,10,96
929,175,97,7,10,96
930,175,97,7,10,96
931,175,96,8,10,95
932,175,96,8,10,95
933,175,96,8,10,94
934,175,96,8,10,94
935,175,96,8,10,94
936,175,96,8,10,94
937,176,95,8,10,95
938,177,94,8,10,96
939,177,94,8,10,96
940,177,93,8,10,96
941,177,93,8,10,96
942,177,93,8,10,96
943,177,92,9,10,96
944,177,92,9,10,96
945,176,92,10,10,95
946,176,92,10,10,95
947,176,93,10,10,95
948,176,93,10,10,94
949,176,93,10,10,94
950,176,93,10,10,94
951,176,94,10,10,93
952,176,96,10,10,93
953,176,96,10,10,93
954,176,96,10,10,93
955,176,96,10,10,93
956,176,96,10,10,93
957,176,96,10,10,93
958,177,95,10,10,94
959,179,93,10,10,94
960,180,92,10,10,95
961,181,91,10,10,96
962,181,92,10,10,96
963,181,92,10,10,96
964,182,91,10,10,95
965,183,90,10,10,96
966,183,90,10,10,96
967,183,91,10,10,96
968,183,91,10,10,95
969,183,92,10,10,95
970,183,93,10,10,95
971,184,92,10,10,96
972,184,92,10,10,96
973,184,93,10,10,96
974,184,93,10,10,96
975,184,93,10,10,96
976,184,94,10,10,96
977,186,93,10,10,98
978,187,92,10,10,99
979,187,92,10,10,99
980,187,92,10,10,99
981,187,92,10,10,99
982,187,92,10,10,99
983,187,92,10,10,99
984,187,92,10,10,99
985,187,92,10,10,99
986,187,92,10,10,99
987,187,92,10,10,99
988,187,92,10,10,99
989,187,92,10,10,99
990,188,92,10,10,99
991,188,92,10,10,99
992,188,93,10,10,99
993,188,93,10,10,98
994,189,94,10,10,98
995,189,94,10,10,98
996,189,94,10,10,98
997,189,94,10,10,98
998,189,94,10,10,98
999,189,94,10,10,98
1000,189,94,10,10,98
1001,189,94,10,10,97
1002,189,95,10,10,97
1003,190,94,10,10,98
1004,190,94,10,10,97
1005,190,94,10,10,97
1006,190,94,10,10,95
1007,190,94,10,10,95
1008,190,94,10,10,95
1009,191,93,10,10,94
1010,191,93,10,10,94
1011,194,90,10,10,96
1012,194,90,10,10,96
1013,195,89,10,10,96
1014,195,89,10,10,95
1015,195,89,10,10,95
1016,196,88,10,10,96
1017,196,88,10,10,96
1018,196,87,11,10,95
1019,196,87,11,10,95
1020,196,87,11,10,95
1021,196,88,11,10,95
1022,196,88,11,10,95
1023,197,87,11,10,96
1024,197,87,11,10,96
1025,197,88,11,10,96
1026,197,88,11,10,96
1027,198,87,11,10,97
1028,198,88,11,10,97
1029,198,88,11,10,96
1030,198,88,11,10,96
1031,197,88,12,10,95
1032,197,88,12,10,94
1033,199,86,12,10,94
1034,199,87,12,10,94
1035,199,87,12,10,94
1036,200,86,12,10,95
1037,200,86,12,10,95
1038,200,86,12,10,95
1039,201,86,12,10,95
1040,201,86,12,10,95
1041,201,86,12,10,94
1042,201,86,12,10,94
1043,202,85,12,10,95
1044,202,85,12,10,95
1045,202,85,12,10,95
1046,203,85,12,10,96
1047,203,85,13,10,96
1048,203,85,13,10,96
1049,203,85,13,10,96
1050,203,85,13,10,96
1051,203,85,13,10,96
1052,204,85,13,10,96
1053,204,85,13,10,96
1054,204,85,13,10,96
1055,204,84,13,11,96
1056,204,84,13,11,96
1057,204,85,13,11,96
1058,204,85,13,11,96
1059,205,84,13,11,97
1060,205,84,13,11,97
1061,206,86,13,11,97
1062,206,86,13,11,97
1063,206,86,13,11,97
1064,206,87,13,11,97
1065,207,86,13,11,97
1066,207,86,13,11,97
1067,208,86,13,11,98
1068,209,85,13,11,98
1069,210,84,13,11,99
1070,210,85,13,11,99
1071,211,84,13,11,99
1072,211,84,13,11,99
1073,211,84,13,11,99
1074,211,84,13,11,99
1075,212,83,13,11,100
1076,212,84,13,11,100
1077,212,84,13,11,100
1078,211,84,14,11,99
1079,210,84,15,11,98
1080,210,84,15,11,98
1081,209,84,16,11,97
1082,210,84,16,11,97
1083,210,84,16,11,97
1084,210,84,16,11,97
1085,210,85,16,11,97
1086,210,85,16,11,97
1087,210,85,16,11,97
1088,210,87,16,11,97
1089,210,87,16,11,97
1090,210,88,16,11,97
1091,209,88,17,11,95
1092,210,87,17,11,96
1093,209,88,18,11,94
1094,210,88,18,11,94
1095,210,88,18,11,94
1096,211,87,18,11,95
1097,211,87,18,11,95
1098,211,89,18,11,95
1099,213,87,18,11,96
1100,214,86,18,11,97
1101,215,86,18,11,96
1102,215,86,18,11,96
1103,215,86,18,11,96
1104,215,87,18,11,96
1105,215,87,18,11,94
1106,215,87,18,11,94
1107,215,86,19,11,94
1108,215,86,19,11,94
1109,215,86,19,11,94
1110,215,86,19,11,94
1111,216,85,19,11,95
1112,217,84,19,11,96
1113,217,84,19,11,96
1114,217,85,19,11,96
1115,217,85,19,11,96
1116,217,85,19,11,96
1117,217,85,19,11,96
1118,217,84,20,11,95
1119,217,84,20,11,95
1120,217,85,20,11,95
1121,217,85,20,11,95
1122,217,85,20,11,95
1123,218,84,20,11,96
1124,219,83,20,11,96
1125,220,82,20,11,97
1126,220,82,20,11,97
1127,220,82,20,11,97
1128,221,80,21,11,97
1129,221,81,21,11,97
1130,221,81,21,11,97
1131,221,81,21,11,95
1132,222,80,21,11,96
1133,222,80,21,11,96
1134,222,80,21,11,96
1135,222,81,21,11,96
1136,222,81,21,11,96
1137,222,81,21,11,96
1138,223,80,21,11,97
1139,222,80,22,11,96
1140,222,80,22,11,96
1141,222,80,22,11,96
1142,222,80,22,11,96
1143,222,80,22,11,96
1144,222,80,22,11,96
1145,223,79,22,11,97
1146,222,79,23,11,96
1147,222,80,23,11,96
1148,223,79,23,11,97
1149,223,79,23,11,97
1150,223,80,23,11,97
1151,225,78,23,11,98
1152,225,78,23,11,98
1153,224,78,24,11,97
1154,225,78,24,11,97
1155,225,78,24,11,97
1156,225,78,24,11,97
1157,226,77,24,11,98
1158,226,77,24,11,98
1159,226,77,24,11,98
1160,227,76,24,11,99
1161,227,76,24,11,99
1162,227,76,24,11,98
1163,227,76,24,11,97
1164,227,76,25,11,97
1165,227,77,25,11,97
1166,227,77,25,11,97
1167,227,77,25,11,97
1168,228,76,25,11,97
1169,229,75,25,11,98
1170,229,76,25,11,98
1171,229,76,25,11,98
1172,229,76,25,11,98
1173,229,77,25,11,98
1174,229,77,25,11,97
1175,231,76,25,11,98
1176,231,77,25,11,98
1177,231,77,25,11,98
1178,231,77,25,11,98
1179,231,77,25,11,98
1180,232,76,25,11,99
1181,232,76,25,11,99
1182,232,77,25,11,99
1183,231,77,26,11,98
1184,231,77,26,11,98
1185,231,77,26,11,98
1186,231,77,26,11,98
1187,231,77,26,11,98
1188,231,77,26,11,98
1189,231,77,26,11,98
1190,231,77,26,11,98
1191,231,77,26,11,98
1192,231,77,26,11,98
1193,232,77,26,11,98
1194,232,77,26,11,97
1195,232,77,26,11,97
1196,232,79,26,11,97
1197,233,78,26,11,97
1198,233,78,26,11,97
1199,233,78,26,11,97
1200,233,78,26,11,97
1201,233,78,26,11,97
1202,233,78,26,11,97
1203,233,78,26,11,97
1204,233,78,26,11,97
1205,233,78,26,11,97
1206,234,77,26,11,97
1207,234,77,26,11,97
1208,234,77,26,11,97
1209,234,77,26,11,97
1210,234,78,26,11,97
1211,234,78,26,11,97
1212,234,78,26,11,97
1213,234,78,26,11,97
1214,234,78,26,11,97
1215,234,78,26,11,97
1216,234,81,26,11,97
1217,235,80,26,11,98
1218,235,80,26,11,98
1219,235,80,26,11,98
1220,235,81,26,11,98
1221,235,81,27,11,98
1222,235,81,27,11,98
1223,235,81,27,11,98
1224,235,81,27,11,98
1225,235,81,27,11,98
1226,235,82,27,11,98
1227,235,81,28,11,97
1228,235,81,28,11,97
1229,235,81,28,11,97
1230,236,80,28,11,97
1231,236,80,28,11,97
1232,237,79,28,11,97
1233,237,79,28,11,97
1234,237,79,28,11,97
1235,236,79,28,12,97
1236,237,78,28,12,98
1237,237,78,28,12,98
1238,238,78,28,12,98
1239,238,78,28,12,98
1240,238,78,28,12,97
1241,238,78,28,12,97
1242,237,78,29,12,96
1243,237,78,29,12,96
1244,237,78,29,12,96
1245,237,78,29,12,96
1246,236,78,30,12,94
1247,236,78,30,12,94
1248,235,79,31,12,93
1249,235,79,31,12,93
1250,235,79,31,12,93
1251,235,79,31,12,93
1252,235,79,31,12,93
1253,236,78,31,12,94
1254,236,78,31,12,94
1255,235,78,31,13,94
1256,237,78,31,13,96
1257,237,78,31,13,96
1258,239,76,31,13,96
1259,239,76,31,13,96
1260,241,74,31,13,97
1261,241,74,31,13,97
1262,241,74,31,13,97
1263,241,74,31,13,97
1264,241,74,31,13,96
1265,241,74,31,13,96
1266,241,74,31,13,96
1267,241,75,31,13,96
1268,242,74,31,13,96
1269,242,75,31,13,96
1270,244,73,31,13,98
1271,244,73,31,13,98
1272,245,72,31,13,98
1273,245,72,31,13,98
1274,245,72,31,13,98
1275,245,72,31,13,98
1276,245,72,31,13,98
1277,245,72,31,13,98
1278,245,72,31,13,98
1279,246,72,31,13,99
1280,247,71,31,13,100
1281,247,72,31,13,100
1282,247,72,31,13,100
1283,247,72,31,13,100
1284,247,72,31,13,100
1285,247,72,31,13,100
1286,247,72,31,13,100
1287,247,72,31,13,100
1288,247,72,31,13,100
1289,248,71,31,13,101
1290,248,71,31,13,101
1291,247,71,32,13,100
1292,247,71,32,13,99
1293,248,70,32,13,99
1294,249,70,32,13,98
1295,249,70,32,13,98
1296,249,70,32,13,98
1297,252,68,32,13,101
1298,252,68,32,13,100
1299,252,68,32,13,100
1300,252,69,32,13,100
1301,253,68,32,13,101
1302,252,68,33,13,99
1303,252,68,33,13,99
1304,252,68,33,13,99
1305,251,68,33,14,99
1306,251,68,33,14,99
1307,251,69,33,14,99
1308,251,69,33,14,99
1309,251,69,33,14,99
1310,251,70,33,14,99
1311,251,70,33,14,99
1312,252,69,33,14,100
1313,252,69,33,14,100
1314,252,69,33,14,100
1315,252,69,33,14,100
1316,251,69,34,14,99
1317,252,69,34,14,100
1318,252,69,34,14,100
1319,251,68,36,14,98
1320,251,69,36,14,98
1321,250,70,37,14,97
1322,250,71,37,14,97
1323,252,69,37,14,99
1324,252,69,37,14,99
1325,252,69,37,14,98
1326,254,67,37,14,99
1327,254,69,37,14,99
1328,254,69,37,14,99
1329,254,69,37,14,99
1330,254,70,37,14,99
1331,255,69,37,14,100
1332,254,71,38,14,99
1333,254,71,38,14,99
1334,254,71,38,14,99
1335,254,72,38,14,99
1336,254,73,38,14,99
1337,255,72,38,14,100
1338,255,72,38,14,100
1339,256,72,38,14,101
1340,256,72,38,14,101
1341,256,73,38,14,101
1342,256,73,38,14,101
1343,256,73,38,14,101
1344,256,73,38,14,101
1345,257,72,38,14,102
1346,258,71,38,14,103
1347,258,72,38,14,103
1348,259,71,38,14,103
1349,260,70,38,14,104
1350,260,71,38,14,104
1351,260,71,38,14,104
1352,260,72,38,14,104
1353,260,72,38,14,104
1354,261,71,38,14,105
1355,261,71,38,14,104
1356,261,71,38,14,104
1357,262,71,38,14,105
1358,262,72,38,14,105
1359,262,72,38,14,105
1360,262,72,38,14,105
1361,262,73,38,14,105
1362,262,73,38,14,105
1363,262,73,38,14,105
1364,261,73,39,14,104
1365,261,73,39,14,104
1366,261,72,40,14,103
1367,261,73,40,14,103
1368,262,72,40,14,103
1369,262,72,40,14,103
1370,262,72,40,14,103
1371,262,72,40,14,103
1372,262,72,40,14,102
1373,262,73,40,15,103
1374,262,73,40,15,103
1375,263,72,40,15,103
1376,263,72,40,15,102
1377,263,72,40,15,102
1378,263,72,40,15,102
1379,263,72,40,15,102
1380,263,73,40,15,102
1381,263,73,40,15,102
1382,263,73,40,15,102
1383,263,73,40,15,102
1384,262,73,41,15,101
1385,262,73,41,15,101
1386,262,73,41,15,101
1387,262,73,41,15,101
1388,263,73,41,15,102
1389,263,73,41,15,102
1390,262,75,41,16,102
1391,262,74,42,16,102
1392,262,74,42,16,102
1393,262,73,43,16,102
1394,261,74,43,17,102
1395,262,73,43,17,103
1396,260,74,45,17,101
1397,262,74,45,17,103
1398,262,74,45,17,103
1399,262,74,45,17,103
1400,263,74,45,17,104
1401,263,74,45,17,104
1402,263,75,45,17,104
1403,262,75,46,17,103
1404,261,75,47,17,102
1405,261,74,47,17,101
1406,261,74,47,17,101
1407,261,74,47,17,101
1408,261,73,47,17,101
1409,261,74,47,17,101
1410,261,75,47,17,101
1411,261,76,47,17,101
1412,261,76,47,17,101
1413,261,75,48,17,100
1414,261,75,48,17,100
1415,262,74,48,17,100
1416,262,74,48,17,99
1417,262,74,48,17,99
1418,261,74,49,17,97
1419,261,74,49,17,97
1420,261,75,49,17,97
1421,261,75,49,17,97
1422,261,76,49,17,97
1423,261,76,49,17,97
1424,261,76,49,17,97
1425,261,76,49,17,97
1426,261,76,49,17,97
1427,261,76,49,17,97
1428,261,76,49,17,97
1429,261,76,49,17,97
1430,261,76,49,17,97
1431,261,76,49,17,97
1432,261,76,49,17,97
1433,260,76,50,17,96
1434,259,76,51,17,95
1435,259,76,51,17,95
1436,259,76,51,17,95
1437,260,75,51,17,96
1438,260,75,51,17,96
1439,260,76,51,17,95
1440,260,77,51,17,95
1441,260,77,51,17,95
1442,260,77,51,17,95
1443,261,76,51,17,96
1444,261,75,52,17,96
1445,261,76,52,17,96
1446,261,76,52,17,96
1447,261,76,52,17,96
1448,262,75,52,17,97
1449,262,75,52,17,97
1450,262,76,52,17,97
1451,262,76,52,17,97
1452,262,76,52,17,97
1453,262,76,52,17,97
1454,263,75,52,17,98
1455,263,75,52,17,98
1456,264,74,52,17,98
1457,264,74,52,17,98
1458,264,74,52,17,98
1459,264,74,52,17,98
1460,264,75,52,17,98
1461,265,74,52,17,99
1462,265,74,52,17,99
1463,265,74,52,17,99
1464,265,74,52,17,99
1465,265,74,52,17,99
1466,264,75,53,17,98
1467,264,75,53,17,98
1468,264,76,53,17,98
1469,264,76,53,17,98
1470,264,77,53,17,98
1471,264,77,53,17,98
1472,264,79,53,17,97
1473,264,79,53,17,97
1474,263,79,54,17,96
1475,263,78,55,17,96
1476,264,77,55,17,97
1477,264,77,55,17,97
1478,264,78,55,17,97
1479,264,78,55,17,97
1480,265,78,55,17,98
1481,265,78,55,17,98
1482,265,78,55,17,98
1483,265,78,55,17,98
1484,264,79,56,17,97
1485,264,79,56,17,97
1486,264,79,56,17,97
1487,265,78,56,17,98
1488,265,80,56,17,98
1489,265,80,56,17,97
1490,265,80,56,17,97
1491,265,79,57,17,96
1492,266,78,57,17,97
1493,266,78,57,17,97
1494,265,80,58,17,96
1495,266,79,58,17,97
1496,266,79,58,17,97
1497,266,79,58,17,97
1498,267,78,58,17,97
1499,267,78,58,17,97
1500,266,78,58,18,97
1501,266,78,58,18,96
1502,265,78,59,18,95
1503,263,78,61,18,93
1504,263,78,61,18,93
1505,263,78,61,18,93
1506,263,78,61,18,93
1507,263,78,61,18,93
1508,264,77,61,18,94
1509,263,77,62,18,93
1510,263,77,62,18,93
1511,263,78,62,18,93
1512,263,78,62,18,93
1513,262,78,62,19,92
1514,262,78,62,19,92
1515,261,79,63,19,91
1516,261,80,63,19,91
1517,261,80,63,19,91
1518,261,80,63,19,91
1519,262,79,63,19,92
1520,262,80,63,19,92
1521,263,79,63,19,93
1522,263,79,63,19,93
1523,263,79,63,19,93
1524,263,79,63,19,92
1525,263,79,63,19,92
1526,263,79,63,19,92
1527,263,79,63,19,91
1528,263,79,63,19,91
1529,263,79,63,19,91
1530,263,79,63,19,91
1531,263,79,63,19,91
1532,262,79,64,19,90
1533,262,79,64,19,90
1534,262,79,64,19,90
1535,262,79,64,19,90
1536,263,78,64,19,91
1537,263,78,64,19,91
1538,262,78,64,20,91
1539,262,78,64,20,90
1540,262,78,64,20,90
1541,262,78,64,20,90
1542,265,74,65,20,93
1543,265,74,65,20,93
1544,265,75,65,20,93
1545,264,75,66,20,92
1546,265,74,66,20,93
1547,265,74,66,20,93
1548,266,73,66,20,94
1549,266,73,66,20,94
1550,267,72,66,20,95
1551,267,72,66,20,95
1552,267,72,66,20,95
1553,267,73,66,20,95
1554,267,73,66,20,95
1555,267,74,66,20,95
1556,268,73,66,20,95
1557,268,73,66,20,95
1558,267,73,67,20,94
1559,268,73,67,20,95
1560,268,73,67,20,95
1561,268,73,67,20,95
1562,268,72,67,21,95
1563,267,72,68,21,94
1564,267,72,68,21,94
1565,267,72,68,21,94
1566,268,71,68,21,94
1567,269,70,68,21,94
1568,269,70,68,21,94
1569,270,69,68,21,94
1570,270,70,68,21,94
1571,270,70,68,21,94
1572,271,68,69,21,93
1573,271,69,69,21,93
1574,271,69,69,21,93
1575,272,69,69,21,93
1576,272,70,69,21,91
1577,273,69,69,21,92
1578,273,69,69,21,91
1579,274,68,69,21,91
1580,274,68,69,21,91
1581,275,69,69,21,92
1582,275,69,69,21,92
1583,276,68,69,21,93
1584,276,68,69,21,93
1585,276,68,69,21,92
1586,276,68,69,21,92
1587,276,68,69,21,92
1588,276,68,69,21,92
1589,276,67,69,22,93
1590,275,67,70,22,92
1591,275,68,70,22,92
1592,275,69,70,22,92
1593,276,68,70,22,93
1594,276,67,71,22,92
1595,276,67,71,22,92
1596,276,67,71,22,92
1597,275,67,72,22,91
1598,275,67,72,22,91
1599,275,67,72,22,91
1600,275,67,72,22,91
1601,276,66,72,22,91
1602,276,66,72,22,91
1603,272,66,75,23,88
1604,272,66,75,23,88
1605,272,66,75,23,88
1606,272,66,75,23,88
1607,272,66,75,23,88
1608,273,65,75,23,89
1609,273,65,75,23,89
1610,274,64,75,23,89
1611,274,64,75,23,89
1612,274,63,76,23,89
1613,273,64,77,23,89
1614,274,64,77,23,90
1615,274,64,77,23,90
1616,274,64,77,23,90
1617,274,64,77,23,90
1618,274,64,77,23,90
1619,274,65,77,23,90
1620,274,67,77,23,90
1621,275,66,77,23,91
1622,275,66,77,23,90
1623,275,66,77,23,90
1624,275,66,77,23,90
1625,275,66,77,23,90
1626,275,66,77,23,90
1627,276,65,77,23,91
1628,276,66,77,23,91
1629,276,66,77,23,90
1630,276,67,77,23,90
1631,276,68,77,23,90
1632,277,67,77,23,91
1633,277,67,77,23,91
1634,277,69,77,23,91
1635,277,70,77,23,91
1636,277,70,77,23,90
1637,277,70,77,23,90
1638,277,69,78,23,89
1639,279,67,78,23,90
1640,279,67,78,23,90
1641,278,67,79,23,89
1642,279,66,79,23,90
1643,278,66,79,24,90
1644,278,66,79,24,89
1645,278,66,79,24,89
1646,279,65,79,24,89
1647,279,66,79,24,89
1648,279,66,79,24,89
1649,278,66,80,24,88
1650,280,64,80,24,89
1651,280,64,80,24,88
1652,280,64,80,24,88
1653,279,65,81,24,87
1654,279,66,81,24,87
1655,280,65,82,24,87
1656,280,65,82,24,87
1657,283,62,82,24,89
1658,283,62,82,24,89
1659,283,62,82,24,88
1660,283,62,82,24,88
1661,282,62,82,25,87
1662,282,62,82,25,87
1663,281,62,83,25,86
1664,281,63,83,25,86
1665,281,63,83,25,86
1666,281,63,83,25,86
1667,281,63,83,25,86
1668,281,63,83,25,86
1669,280,63,83,26,86
1670,280,63,83,26,84
1671,279,63,84,26,83
1672,279,63,84,26,83
1673,279,63,84,26,83
1674,278,63,85,26,82
1675,278,64,85,26,82
1676,278,64,85,26,82
1677,278,64,85,26,82
1678,278,64,85,26,82
1679,279,64,85,26,83
1680,278,64,86,26,83
1681,277,64,87,26,82
1682,276,64,87,27,82
1683,276,64,87,27,82
1684,277,63,87,27,83
1685,277,63,87,27,83
1686,275,63,88,28,82
1687,276,62,88,28,83
1688,275,62,89,28,82
1689,275,62,89,28,82
1690,276,61,89,28,83
1691,276,61,89,28,83
1692,277,60,89,28,83
1693,277,60,89,28,83
1694,277,60,89,28,83
1695,277,60,89,28,83
1696,278,59,89,28,83
1697,278,59,89,28,83
1698,278,59,89,28,83
1699,278,59,89,28,82
1700,278,59,89,28,82
1701,277,59,89,29,82
1702,277,59,89,29,81
1703,277,59,89,29,81
1704,276,59,90,29,80
1705,276,59,90,29,80
1706,276,59,90,29,80
1707,277,60,90,29,81
1708,277,60,90,29,81
1709,277,60,90,29,81
1710,277,60,90,29,81
1711,277,60,90,29,81
1712,276,60,90,30,81
1713,276,60,90,30,81
1714,276,60,90,30,81
1715,276,60,90,30,81
1716,277,59,90,30,82
1717,277,59,90,30,82
1718,277,59,90,30,82
1719,277,59,90,30,82
1720,277,59,90,30,82
1721,277,59,90,30,82
1722,277,59,90,30,82
1723,278,59,90,30,83
1724,278,59,90,30,83
1725,278,60,90,30,81
1726,278,60,90,30,81
1727,278,61,90,30,80
1728,278,62,90,30,79
1729,279,63,90,30,80
1730,279,64,90,30,80
1731,279,64,90,30,80
1732,279,64,90,30,80
1733,279,64,90,30,79
1734,279,64,90,30,79
1735,279,64,90,30,79
1736,278,64,91,30,78
1737,278,64,91,30,78
1738,277,64,91,31,78
1739,277,64,91,31,78
1740,277,64,91,31,78
1741,276,64,92,31,77
1742,276,64,92,31,77
1743,275,64,93,31,75
1744,276,64,93,31,76
1745,276,64,93,31,76
1746,276,64,93,31,76
1747,278,63,93,31,78
1748,278,63,93,31,78
1749,278,64,93,31,78
1750,279,64,93,31,79
1751,279,64,93,31,79
1752,279,64,93,31,79
1753,279,64,93,31,79
1754,279,64,93,31,79
1755,279,64,93,31,79
1756,279,64,93,31,79
1757,279,64,93,31,79
1758,279,64,93,31,79
1759,280,63,93,31,80
1760,280,64,93,31,80
1761,280,64,93,31,80
1762,280,64,93,31,80
1763,280,64,93,31,80
1764,280,65,93,31,79
1765,280,66,93,31,78
1766,280,66,93,31,78
1767,280,66,93,31,78
1768,280,66,93,31,78
1769,280,66,93,31,78
1770,280,66,93,31,78
1771,280,66,93,31,78
1772,280,66,93,31,78
1773,280,66,93,31,78
1774,280,66,93,31,78
1775,279,66,93,32,78
1776,279,65,93,33,77
1777,279,65,93,33,77
1778,279,64,94,33,77
1779,278,64,95,33,76
1780,278,65,95,33,76
1781,278,65,95,33,76
1782,278,65,95,33,76
1783,278,65,95,33,76
1784,278,65,95,33,75
1785,278,66,95,33,75
1786,278,66,95,33,75
1787,278,66,95,33,75
1788,278,66,95,33,75
1789,278,66,95,33,75
1790,278,67,95,33,75
1791,278,67,95,33,75
1792,278,67,95,33,75
1793,278,67,95,33,75
1794,278,67,95,33,75
1795,281,64,95,33,77
1796,281,64,95,33,77
1797,281,64,95,33,77
1798,281,64,95,33,77
1799,282,63,95,33,78
1800,282,63,95,33,78
1801,282,63,95,33,78
1802,282,63,95,33,78
1803,282,63,95,33,78
1804,282,63,95,33,78
1805,282,63,95,33,78
1806,282,64,95,33,78
1807,281,64,96,33,77
1808,281,64,96,33,77
1809,281,64,96,33,77
1810,281,64,96,33,77
1811,280,64,97,33,76
1812,280,64,97,33,76
1813,280,65,97,33,76
1814,279,65,98,33,75
1815,279,65,98,33,75
1816,278,65,99,33,74
1817,277,65,100,33,73
1818,277,65,100,33,73
1819,277,65,100,33,73
1820,277,65,100,33,73
1821,278,64,100,33,74
1822,278,65,100,33,74
1823,278,66,100,33,74
1824,279,65,100,33,74
1825,279,65,100,33,74
1826,280,64,100,33,74
1827,278,65,101,34,73
1828,278,65,101,34,73
1829,278,65,101,34,73
1830,278,65,101,34,73
1831,278,66,101,34,73
1832,279,65,101,34,73
1833,279,65,101,34,73
1834,278,65,102,34,72
1835,278,65,102,34,72
1836,278,65,102,34,72
1837,278,65,102,34,71
1838,278,65,102,34,71
1839,280,65,102,34,71
1840,280,65,102,34,71
1841,281,64,102,34,72
1842,281,64,102,34,72
1843,281,64,102,34,72
1844,280,65,103,34,71
1845,281,64,103,34,71
1846,281,64,103,34,71
1847,280,64,104,34,70
1848,280,64,104,34,69
1849,280,64,104,34,69
1850,280,64,104,34,69
1851,280,64,104,34,69
1852,281,63,104,34,70
1853,281,63,104,34,70
1854,281,63,104,34,70
1855,281,63,104,34,70
1856,282,62,104,34,71
1857,282,62,104,34,71
1858,282,62,104,34,71
1859,282,62,104,34,71
1860,282,62,104,34,71
1861,282,63,104,34,70
1862,282,63,104,34,70
1863,283,62,104,34,71
1864,283,63,104,34,71
1865,283,63,104,34,71
1866,284,62,104,34,72
1867,284,62,104,34,72
1868,283,62,105,34,72
1869,283,62,105,34,72
1870,283,62,105,34,71
1871,281,62,106,35,70
1872,281,62,106,35,70
1873,280,63,107,35,69
1874,280,63,107,35,69
1875,280,64,107,35,69
1876,279,64,107,36,69
1877,279,65,107,36,69
1878,280,64,107,36,70
1879,280,64,107,36,70
1880,280,64,107,36,70
1881,279,64,108,36,69
1882,278,64,108,37,69
1883,278,64,108,37,69
1884,278,64,108,37,69
1885,278,64,108,37,69
1886,278,64,108,37,69
1887,278,64,108,37,69
1888,278,65,108,37,69
1889,278,65,108,37,69
1890,278,65,108,37,69
1891,278,65,108,37,69
1892,277,65,108,38,69
1893,277,65,108,38,69
1894,277,65,108,38,69
1895,277,65,108,38,69
1896,277,65,108,38,69
1897,277,66,108,38,69
1898,276,66,109,38,69
1899,276,66,109,38,69
1900,276,67,109,38,69
1901,276,67,109,38,69
1902,276,67,109,38,69
1903,276,67,109,38,69
1904,276,66,110,38,69
1905,276,66,110,38,69
1906,276,67,110,38,69
1907,276,67,110,38,69
1908,276,67,110,38,69
1909,276,67,110,38,69
1910,276,67,110,38,69
1911,276,67,110,38,69
1912,276,67,110,38,69
1913,276,67,110,38,69
1914,276,67,110,38,69
1915,276,67,110,38,69
1916,276,67,110,38,69
1917,276,67,110,38,69
1918,276,68,110,38,69
1919,278,66,110,38,71
1920,278,66,110,38,71
1921,278,68,110,38,71
1922,278,68,110,38,71
1923,278,68,110,38,71
1924,278,68,110,38,71
1925,278,68,110,38,71
1926,278,68,110,38,71
1927,278,68,110,38,71
1928,278,68,110,38,71
1929,278,68,110,38,71
1930,278,68,110,38,71
1931,278,67,110,39,72
1932,278,67,110,39,72
1933,278,66,111,39,73
1934,277,66,112,39,72
1935,277,66,112,39,72
1936,277,66,112,39,72
1937,277,66,112,39,72
1938,277,66,112,39,72
1939,278,65,112,39,73
1940,278,66,112,39,73
1941,278,67,112,39,73
1942,278,67,112,39,73
1943,277,67,112,40,72
1944,277,67,112,40,72
1945,277,67,112,40,72
1946,278,67,112,40,73
1947,278,67,112,40,73
1948,278,68,112,40,73
1949,278,68,112,40,73
1950,278,69,112,40,73
1951,278,69,112,40,73
1952,279,68,112,40,74
1953,279,68,112,40,74
1954,279,69,112,40,74
1955,280,68,112,40,74
1956,281,67,112,40,74
1957,281,67,112,40,74
1958,281,67,112,40,74
1959,280,68,112,41,74
1960,280,68,112,41,74
1961,280,68,112,41,74
1962,280,68,112,41,74
1963,279,68,112,42,74
1964,279,67,113,42,74
1965,279,67,113,42,74
1966,280,66,113,42,75
1967,280,66,113,42,75
1968,280,66,113,42,75
1969,280,66,113,42,75
1970,280,66,113,42,75
1971,280,67,113,42,75
1972,283,64,113,42,77
1973,283,64,113,42,77
1974,283,64,113,42,77
1975,283,64,113,42,77
1976,283,64,113,42,77
1977,282,65,113,43,77
1978,280,66,114,44,76
1979,280,66,114,44,76
1980,280,66,114,44,76
1981,280,66,114,44,76
1982,280,66,114,44,76
1983,281,64,114,45,78
1984,283,62,114,45,79
1985,283,62,114,45,79
1986,282,62,115,45,78
1987,282,62,115,45,78
1988,282,62,115,45,78
1989,282,63,115,45,78
1990,283,63,115,45,78
1991,283,63,115,45,78
1992,282,63,116,45,77
1993,282,63,116,45,77
1994,282,63,116,45,77
1995,281,63,116,46,77
1996,281,63,116,46,77
1997,281,63,116,46,77
1998,281,64,116,46,77
1999,281,64,116,46,77
2000,281,64,116,46,77
2001,282,63,116,46,78
2002,282,63,116,46,78
2003,283,63,116,46,78
2004,283,63,116,46,78
2005,283,63,116,46,78
2006,283,63,116,46,78
2007,284,62,116,46,79
2008,283,62,117,46,77
2009,282,62,117,47,77
2010,281,62,118,47,77
2011,281,62,118,47,77
2012,280,62,118,48,77
2013,281,62,118,48,78
2014,281,62,118,48,78
2015,281,62,118,48,78
2016,280,62,119,48,77
2017,279,62,119,49,77
2018,279,62,119,49,77
2019,279,62,119,49,77
2020,280,61,119,49,77
2021,280,61,119,49,77
2022,279,61,119,50,77
2023,279,61,119,50,77
2024,279,61,119,50,77
2025,279,61,119,50,77
2026,280,60,119,50,77
2027,280,62,119,50,77
2028,280,62,119,50,77
2029,280,62,119,50,77
2030,279,62,120,50,76
2031,280,62,120,50,76
2032,280,63,120,50,76
2033,280,63,120,50,76
2034,279,64,121,50,74
2035,279,64,121,50,74
2036,279,64,121,50,74
2037,279,64,121,50,74
2038,278,64,121,51,74
2039,278,64,121,51,74
2040,279,63,121,51,75
2041,278,63,122,51,74
2042,278,63,122,51,74
2043,279,62,122,51,75
2044,279,62,122,51,74
2045,278,62,122,52,74
2046,277,62,122,53,74
2047,277,62,122,53,74
2048,276,62,123,53,73
2049,277,61,123,53,74
2050,277,61,123,53,74
2051,277,61,123,53,74
2052,277,61,123,53,74
2053,277,61,123,53,74
2054,277,61,123,53,74
2055,277,61,123,53,74
2056,277,61,123,53,74
2057,277,61,123,53,73
2058,277,61,123,53,73
2059,277,61,123,53,73
2060,276,61,124,53,73
2061,276,61,124,53,73
2062,276,61,124,53,73
2063,276,61,124,53,73
2064,276,61,124,53,73
2065,276,61,124,53,73
2066,275,61,125,53,72
2067,275,61,125,53,72
2068,275,62,125,53,72
2069,275,62,125,53,72
2070,275,62,125,53,72
2071,274,62,125,54,72
2072,274,62,125,54,72
2073,274,62,125,54,72
2074,274,62,125,54,72
2075,274,62,125,54,72
2076,275,61,125,54,73
2077,276,60,125,54,74
2078,276,60,125,54,74
2079,275,60,126,54,74
2080,275,61,126,54,74
2081,275,61,126,54,74
2082,275,61,126,54,74
2083,275,62,126,54,74
2084,275,62,126,54,74
2085,275,62,126,54,74
2086,275,62,126,54,74
2087,275,62,126,54,74
2088,275,62,126,54,74
2089,274,62,127,54,73
2090,274,62,127,54,73
2091,275,61,127,54,74
2092,275,62,127,54,73
2093,275,62,127,54,73
2094,275,63,127,54,73
2095,275,63,127,54,73
2096,275,63,127,54,73
2097,274,63,128,54,73
2098,274,63,128,54,73
2099,274,63,128,54,73
2100,274,63,128,54,73
2101,274,64,128,54,73
2102,274,64,128,54,73
2103,274,65,128,54,73
2104,274,65,128,54,73
2105,273,65,129,54,72
2106,272,65,130,54,71
2107,272,65,130,54,71
2108,272,65,130,54,71
2109,272,65,130,54,71
2110,272,65,130,54,71
2111,272,66,130,54,71
2112,272,65,131,54,70
2113,272,65,131,54,70
2114,271,65,132,54,70
2115,270,65,132,55,70
2116,271,66,132,55,71
2117,271,66,132,55,71
2118,271,66,132,55,71
2119,271,66,132,55,71
2120,272,65,132,55,71
2121,273,65,132,55,72
2122,274,64,132,55,73
2123,274,64,132,55,73
2124,274,64,132,55,73
2125,274,64,132,55,72
2126,275,63,132,55,73
2127,275,63,132,55,73
2128,275,63,132,55,73
2129,274,63,132,56,73
2130,274,64,132,56,73
2131,274,64,132,56,73
2132,274,64,132,56,73
2133,274,64,132,56,73
2134,274,64,132,56,73
2135,274,64,132,56,73
2136,274,64,132,56,73
2137,275,63,132,56,74
2138,275,63,132,56,74
2139,275,63,132,56,74
2140,275,63,132,56,74
2141,274,64,133,56,73
2142,274,65,133,56,73
2143,274,65,133,56,73
2144,273,65,134,56,72
2145,273,65,134,56,72
2146,273,65,134,56,72
2147,273,65,134,56,72
2148,273,65,134,56,72
2149,272,65,135,56,71
2150,272,65,135,56,70
2151,273,66,135,56,70
2152,273,67,135,56,70
2153,273,67,135,56,70
2154,273,67,135,57,70
2155,273,68,135,57,70
2156,273,68,135,57,70
2157,273,69,135,57,70
2158,274,68,135,57,71
2159,274,69,135,57,71
2160,274,70,135,57,71
2161,274,70,135,57,71
2162,274,70,135,57,71
2163,274,71,135,57,71
2164,274,71,135,57,71
2165,274,71,135,57,71
2166,274,71,135,57,71
2167,274,72,135,57,71
2168,274,72,135,57,71
2169,274,72,135,57,71
2170,274,72,135,57,71
2171,274,72,135,57,71
2172,274,72,135,57,71
2173,274,72,135,57,71
2174,276,70,135,57,73
2175,276,70,135,57,73
2176,276,70,135,57,73
2177,276,70,135,57,73
2178,276,70,135,57,73
2179,276,70,135,57,73
2180,276,70,135,57,73
2181,276,70,135,57,73
2182,276,70,135,57,73
2183,276,70,135,57,73
2184,275,70,136,57,72
2185,275,70,136,57,72
2186,275,70,136,57,72
2187,275,70,136,57,72
2188,275,70,136,57,71
2189,275,70,136,57,71
2190,275,70,136,57,71
2191,275,70,136,57,71
2192,275,70,136,57,71
2193,275,70,136,57,71
2194,275,70,136,57,71
2195,276,69,136,57,72
2196,278,67,136,57,74
2197,278,67,136,57,74
2198,278,68,136,57,74
2199,278,68,136,57,74
2200,278,68,136,57,74
2201,278,68,136,57,74
2202,278,69,136,57,74
2203,278,69,136,57,74
2204,278,69,136,57,74
2205,278,69,136,57,74
2206,278,69,136,57,74
2207,278,70,136,57,74
2208,278,71,136,57,74
2209,277,71,136,58,74
2210,277,71,136,58,74
2211,277,71,136,58,74
2212,277,71,136,58,74
2213,276,71,136,59,73
2214,276,71,136,59,73
2215,276,71,136,59,73
2216,276,71,136,59,73
2217,276,72,136,59,73
2218,276,72,136,59,73
2219,276,72,136,59,73
2220,275,72,137,59,72
2221,275,72,137,59,72
2222,275,72,137,59,72
2223,274,72,138,59,71
2224,274,72,138,59,71
2225,274,72,138,59,71
2226,274,72,138,59,71
2227,274,72,138,59,71
2228,274,72,138,59,71
2229,274,72,138,59,71
2230,275,71,138,59,72
2231,275,71,138,59,72
2232,275,71,138,59,72
2233,275,71,138,59,72
2234,275,71,138,59,72
2235,275,71,138,59,72
2236,275,71,138,59,72
2237,276,71,138,59,73
2238,276,71,138,59,73
2239,276,71,138,59,72
2240,276,71,138,59,72
2241,276,72,138,59,72
2242,276,72,138,59,72
2243,276,72,138,59,72
2244,276,72,138,59,72
2245,276,72,138,59,72
2246,276,72,138,59,72
2247,277,71,138,59,73
2248,277,71,138,59,73
2249,279,69,138,59,74
2250,279,69,138,59,74
2251,278,69,138,60,74
2252,278,69,138,60,74
2253,278,70,138,60,74
2254,277,71,139,60,73
2255,277,71,139,60,73
2256,277,71,139,60,73
2257,277,71,139,60,73
2258,277,72,139,60,73
2259,276,72,140,60,72
2260,276,72,140,60,72
2261,276,73,140,60,72
2262,277,72,140,60,72
2263,277,72,140,60,72
2264,276,72,140,61,72
2265,276,72,140,61,72
2266,276,72,140,61,72
2267,276,72,140,61,72
2268,276,73,140,61,72
2269,276,73,140,61,72
2270,275,73,141,61,71
2271,275,73,141,61,71
2272,275,73,141,61,71
2273,274,73,142,61,71
2274,274,73,142,61,71
2275,275,72,142,61,72
2276,275,73,142,61,71
2277,274,74,142,62,71
2278,274,74,142,62,71
2279,274,74,142,62,71
2280,274,74,142,62,71
2281,275,73,142,62,72
2282,274,73,143,62,71
2283,274,73,143,62,71
2284,274,73,143,62,71
2285,274,73,143,62,71
2286,274,73,143,62,71
2287,274,73,143,62,71
2288,273,73,144,62,70
2289,274,72,144,62,71
2290,274,72,144,62,71
2291,274,72,144,62,71
2292,274,72,144,62,71
2293,274,72,144,62,71
2294,274,72,144,62,71
2295,274,72,144,62,71
2296,274,72,144,62,71
2297,275,71,144,62,71
2298,275,71,144,62,71
2299,275,71,144,62,71
2300,276,70,144,62,72
2301,277,69,144,62,72
2302,277,69,144,62,71
2303,278,68,144,62,72
2304,278,68,144,62,71
2305,278,68,144,62,71
2306,279,67,144,62,71
2307,279,67,144,62,71
2308,279,67,144,62,71
2309,279,67,144,62,71
2310,279,67,144,62,71
2311,279,67,144,62,71
2312,279,67,144,62,71
2313,279,68,144,62,71
2314,279,68,144,62,71
2315,279,68,144,62,71
2316,279,69,144,62,71
2317,280,69,144,62,71
2318,280,69,144,62,71
2319,281,68,144,62,71
2320,281,68,144,62,71
2321,281,68,144,62,71
2322,282,67,144,62,72
2323,282,67,144,62,72
2324,282,67,144,62,72
2325,283,66,144,62,73
2326,283,66,144,62,73
2327,284,65,144,62,74
2328,284,65,144,62,74
2329,284,65,144,62,74
2330,283,64,145,63,74
2331,283,64,145,63,74
2332,283,65,145,63,74
2333,283,66,145,63,74
2334,283,66,145,63,74
2335,284,65,145,63,74
2336,284,65,145,63,74
2337,284,66,145,63,74
2338,284,66,145,63,74
2339,286,64,145,63,75
2340,286,64,145,63,74
2341,284,66,145,65,74
2342,283,67,146,65,74
2343,283,67,146,65,73
2344,283,68,146,65,72
2345,283,68,146,65,72
2346,282,68,147,65,71
2347,284,66,147,65,72
2348,284,66,147,65,72
2349,284,66,147,65,72
2350,284,66,147,65,72
2351,284,66,147,65,72
2352,284,66,147,65,72
2353,284,66,147,65,72
2354,284,66,147,65,72
2355,283,66,148,65,71
2356,284,65,148,65,71
2357,284,65,148,65,71
2358,284,65,148,65,71
2359,283,65,149,65,71
2360,283,66,149,65,71
2361,283,68,149,65,71
2362,284,67,149,65,71
2363,284,67,149,65,71
2364,284,68,149,65,71
2365,285,67,149,65,71
2366,285,67,149,65,71
2367,285,67,149,65,71
2368,285,67,149,65,71
2369,285,68,149,65,71
2370,284,69,150,65,70
2371,284,69,150,65,70
2372,284,70,150,65,70
2373,285,69,150,65,71
2374,285,70,150,65,71
2375,284,70,150,66,71
2376,284,71,150,66,71
2377,285,70,150,66,70
2378,285,70,150,66,70
2379,286,69,150,66,70
2380,286,69,150,66,70
2381,287,68,150,66,70
2382,287,69,150,66,70
2383,287,69,150,66,70
2384,289,68,150,66,71
2385,289,68,150,66,71
2386,289,68,150,66,71
2387,289,68,150,66,71
2388,289,68,150,66,71
2389,289,69,150,66,71
2390,289,69,150,66,71
2391,289,69,150,66,71
2392,289,70,150,66,71
2393,288,70,150,67,71
2394,288,70,150,67,71
2395,288,70,150,67,70
2396,288,70,150,67,70
2397,288,71,150,67,70
2398,288,71,150,67,70
2399,288,71,150,67,70
2400,288,72,150,67,69
2401,288,72,150,67,69
2402,287,71,151,68,69
2403,287,71,151,68,69
2404,287,72,151,68,68
2405,286,72,151,69,68
2406,286,72,151,69,68
2407,286,72,151,69,68
2408,286,72,151,69,68
2409,286,72,151,69,68
2410,286,72,151,69,68
2411,287,71,151,69,69
2412,287,72,151,69,69
2413,287,73,151,69,69
2414,286,73,152,69,68
2415,286,72,153,69,67
2416,286,73,153,69,67
2417,286,74,153,69,67
2418,286,75,153,69,67
2419,286,75,153,69,67
2420,286,75,153,69,67
2421,286,75,153,69,67
2422,286,76,153,69,66
2423,286,77,153,69,66
2424,287,76,153,69,67
2425,288,75,153,69,68
2426,288,75,153,69,68
2427,288,75,153,69,68
2428,288,75,153,69,68
2429,289,75,153,69,68
2430,290,74,153,69,69
2431,290,74,153,69,69
2432,290,74,153,69,69
2433,291,73,153,69,70
2434,291,73,153,69,70
2435,291,73,153,69,70
2436,291,74,153,69,70
2437,291,74,153,69,70
2438,290,74,154,69,69
2439,290,74,154,69,69
2440,289,74,154,70,68
2441,289,74,154,70,68
2442,289,75,154,70,68
2443,289,75,154,70,68
2444,289,75,154,70,68
2445,289,76,154,70,68
2446,289,76,154,70,68
2447,289,76,154,70,68
2448,289,76,154,70,68
2449,289,76,154,70,68
2450,289,76,154,70,68
2451,289,76,154,70,68
2452,289,77,154,70,68
2453,288,77,154,71,68
2454,288,77,154,71,68
2455,288,77,154,71,68
2456,288,78,154,71,68
2457,289,77,154,71,69
2458,289,77,154,71,69
2459,289,77,154,71,69
2460,289,78,154,71,69
2461,289,78,154,71,69
2462,289,78,154,71,69
2463,289,78,154,71,68
2464,287,78,154,73,68
2465,287,78,154,73,68
2466,287,78,154,73,68
2467,287,78,154,73,68
2468,287,78,154,73,68
2469,287,78,154,73,68
2470,287,78,154,73,68
2471,287,78,154,73,68
2472,287,78,154,73,68
2473,287,78,154,73,68
2474,287,78,154,73,68
2475,287,78,154,73,68
2476,287,79,154,73,68
2477,288,78,154,73,69
2478,288,78,154,73,69
2479,288,78,154,73,69
2480,287,78,154,74,69
2481,287,79,154,74,69
2482,287,79,154,74,69
2483,287,79,154,74,69
2484,287,79,154,74,69
2485,287,81,154,74,69
2486,287,81,154,74,69
2487,287,81,154,74,69
2488,288,80,154,74,69
2489,288,80,154,74,69
2490,288,80,154,74,69
2491,288,80,154,74,69
2492,288,80,154,74,68
2493,288,80,154,74,68
2494,289,79,154,74,68
2495,289,79,154,74,68
2496,289,80,154,74,68
2497,289,80,154,74,68
2498,289,80,154,74,68
2499,289,80,154,74,68
2500,289,80,154,74,68
2501,289,80,154,74,68
2502,289,80,154,74,68
2503,289,80,154,74,68
2504,289,80,154,74,68
2505,289,80,154,74,67
2506,290,79,154,74,67
2507,290,79,154,74,67
2508,290,80,154,74,67
2509,290,80,154,74,67
2510,290,80,154,74,67
2511,290,80,154,74,67
2512,288,80,156,74,66
2513,288,80,156,74,66
2514,289,79,156,74,67
2515,289,79,156,74,67
2516,290,78,156,74,67
2517,290,79,156,74,67
2518,290,80,156,74,67
2519,290,80,156,74,67
2520,290,80,156,74,67
2521,290,80,156,74,67
2522,289,80,156,75,67
2523,289,80,156,75,67
2524,289,80,156,75,66
2525,289,80,156,75,66
2526,289,80,156,75,66
2527,289,81,156,75,66
2528,289,81,156,75,66
2529,288,81,157,75,65
2530,289,80,157,75,66
2531,289,82,157,75,66
2532,290,81,157,75,67
2533,290,83,157,75,67
2534,290,83,157,75,67
2535,290,83,157,75,67
2536,290,83,157,75,67
2537,289,83,157,76,67
2538,289,83,157,76,67
2539,289,83,157,76,67
2540,289,83,157,76,67
2541,289,83,157,76,67
2542,290,82,157,76,68
2543,290,82,157,76,68
2544,290,83,157,76,68
2545,290,83,157,76,68
2546,290,83,157,76,68
2547,290,83,157,76,68
2548,290,83,157,76,67
2549,290,83,157,76,67
2550,290,83,157,76,67
2551,291,82,157,76,67
2552,291,83,157,76,67
2553,291,83,157,76,67
2554,291,83,157,76,67
2555,291,83,157,76,67
2556,291,83,157,76,67
2557,292,82,157,76,68
2558,292,82,157,76,68
2559,292,82,157,76,67
2560,292,82,157,76,66
2561,291,82,158,76,65
2562,291,82,158,76,65
2563,292,81,158,76,66
2564,292,81,158,76,66
2565,292,81,158,76,66
2566,293,80,158,76,66
2567,293,80,158,76,66
2568,293,80,158,76,66
2569,293,81,158,76,66
2570,294,80,158,76,66
2571,294,80,158,76,66
2572,294,80,158,76,66
2573,294,80,158,76,66
2574,295,79,158,76,67
2575,296,78,158,76,68
2576,297,77,158,76,69
2577,297,77,158,76,69
2578,297,77,158,76,69
2579,299,75,158,76,71
2580,300,74,158,76,72
2581,300,74,158,76,72
2582,300,74,158,76,72
2583,300,74,158,76,72
2584,300,74,158,76,71
2585,300,74,158,76,71
2586,300,74,158,76,71
2587,300,74,158,76,71
2588,300,74,158,76,71
2589,300,75,158,76,71
2590,300,75,158,76,71
2591,300,75,158,76,71
2592,301,74,158,76,71
2593,303,72,158,76,73
2594,303,72,158,76,73
2595,302,72,158,77,73
2596,302,72,158,77,73
2597,302,72,158,77,73
2598,302,72,158,77,73
2599,302,72,158,77,73
2600,302,72,158,77,72
2601,302,72,158,77,72
2602,301,72,158,78,72
2603,301,72,158,78,72
2604,301,72,158,78,71
2605,302,71,158,78,71
2606,303,70,158,78,71
2607,303,70,158,78,71
2608,303,70,158,78,70
2609,304,69,158,78,71
2610,303,69,158,79,71
2611,303,69,158,79,71
2612,303,69,158,79,71
2613,303,69,158,79,71
2614,302,69,159,79,70
2615,302,69,159,79,70
2616,302,69,159,79,70
2617,301,69,159,80,70
2618,301,69,159,80,70
2619,301,69,159,80,70
2620,301,69,159,80,70
2621,301,69,159,80,70
2622,301,69,159,80,70
2623,301,69,159,80,70
2624,301,69,159,81,70
2625,301,69,159,81,70
2626,301,69,159,81,70
2627,302,68,159,81,70
2628,302,68,159,81,70
2629,303,68,159,81,71
2630,303,67,160,81,70
2631,302,67,161,81,69
2632,302,67,161,81,69
2633,302,67,161,81,69
2634,300,67,162,82,68
2635,300,67,162,82,68
2636,301,66,162,82,68
2637,301,66,162,82,68
2638,301,66,162,82,68
2639,301,66,162,82,68
2640,301,66,162,82,68
2641,301,66,162,82,68
2642,301,66,162,82,68
2643,301,66,162,82,68
2644,302,66,162,82,69
2645,302,66,162,82,69
2646,301,66,163,82,68
2647,301,66,163,82,68
2648,301,67,163,82,68
2649,301,67,163,82,68
2650,302,67,163,82,69
2651,302,67,163,82,69
2652,302,67,163,82,69
2653,302,67,163,82,69
2654,302,67,163,82,69
2655,302,67,163,82,69
2656,303,66,163,82,69
2657,303,66,163,82,69
2658,303,66,163,82,69
2659,304,65,163,82,69
2660,304,65,163,82,69
2661,304,65,163,82,69
2662,304,65,163,82,69
2663,304,65,163,82,69
2664,304,65,163,82,69
2665,304,66,163,82,69
2666,304,66,163,82,69
2667,304,66,163,82,69
2668,304,66,163,82,69
2669,304,66,163,82,69
2670,304,66,163,82,69
2671,305,65,163,82,69
2672,305,66,163,82,69
2673,305,67,163,82,69
2674,305,68,163,82,69
2675,305,69,163,82,69
2676,304,70,163,83,69
2677,304,70,163,83,69
2678,304,70,163,83,69
2679,304,70,163,83,69
2680,304,70,163,83,69
2681,304,70,163,83,69
2682,304,70,163,83,68
2683,304,70,163,83,67
2684,304,70,163,83,67
2685,304,70,163,83,67
2686,305,69,163,83,67
2687,305,69,163,83,67
2688,304,70,163,84,67
2689,304,70,163,84,67
2690,304,70,163,84,67
2691,304,71,163,84,67
2692,304,71,163,84,67
2693,304,71,163,84,67
2694,304,71,163,84,67
2695,304,71,163,84,67
2696,304,71,163,84,66
2697,304,71,163,84,66
2698,304,71,163,84,66
2699,304,72,163,84,66
2700,303,72,163,85,66
2701,303,73,163,85,66
2702,303,73,163,85,66
2703,302,73,163,86,66
2704,301,73,163,87,66
2705,301,73,163,87,66
2706,301,73,163,87,66
2707,301,73,163,87,66
2708,301,73,163,87,66
2709,301,73,163,87,66
2710,300,73,163,88,66
2711,300,73,163,88,66
2712,300,73,163,88,66
2713,300,73,163,88,66
2714,301,72,163,88,66
2715,301,73,163,88,66
2716,302,72,163,88,66
2717,302,72,163,88,66
2718,302,73,163,88,66
2719,302,73,163,88,66
2720,302,74,163,88,66
2721,302,74,163,88,66
2722,302,74,163,88,66
2723,302,74,163,88,66
2724,302,74,163,88,66
2725,302,74,163,88,66
2726,301,74,163,89,66
2727,301,74,163,89,66
2728,301,75,163,89,65
2729,301,75,163,89,65
2730,301,75,163,89,65
2731,301,76,163,89,65
2732,300,76,164,89,64
2733,300,76,164,89,64
2734,300,76,164,89,64
2735,300,76,164,89,64
2736,300,76,164,89,64
2737,299,79,165,89,63
2738,299,79,165,89,63
2739,299,79,165,89,63
2740,299,79,165,89,63
2741,299,79,165,89,63
2742,298,80,166,89,62
2743,298,81,166,89,62
2744,298,81,166,89,62
2745,295,81,168,90,61
2746,295,81,168,90,61
2747,295,81,168,90,61
2748,295,81,168,90,61
2749,295,81,168,90,61
2750,295,81,168,90,61
2751,295,81,168,90,61
2752,295,81,168,90,61
2753,295,81,168,90,61
2754,295,81,168,90,61
2755,295,81,168,90,61
2756,295,81,168,90,61
2757,295,81,168,90,61
2758,295,82,168,90,61
2759,295,83,168,90,61
2760,296,82,168,90,62
2761,296,82,168,90,62
2762,296,82,168,90,62
2763,296,82,168,90,62
2764,296,82,168,90,62
2765,296,82,168,90,62
2766,294,82,169,91,61
2767,294,82,169,91,61
2768,294,82,169,91,61
2769,294,82,169,91,61
2770,294,82,169,91,61
2771,294,82,169,91,61
2772,294,82,169,91,61
2773,294,82,169,91,61
2774,294,82,169,91,61
2775,294,82,169,91,61
2776,294,82,169,91,61
2777,293,82,169,92,61
2778,293,82,169,92,61
2779,293,82,169,92,61
2780,293,82,169,92,61
2781,294,81,169,92,62
2782,294,81,169,92,61
2783,293,81,169,93,60
2784,293,81,169,93,60
2785,292,81,169,94,60
2786,292,81,169,94,60
2787,292,81,169,94,60
2788,293,80,169,94,60
2789,293,81,169,94,60
2790,294,80,169,94,60
2791,294,80,169,94,60
2792,294,80,169,94,60
2793,294,80,169,94,60
2794,294,81,169,94,60
2795,296,79,169,94,62
2796,295,79,169,95,62
2797,295,79,169,95,62
2798,295,79,169,95,62
2799,295,79,169,95,62
2800,295,79,169,95,62
2801,295,79,169,95,62
2802,296,78,169,95,62
2803,296,78,169,95,62
2804,296,78,169,95,62
2805,297,77,169,95,63
2806,297,78,169,95,63
2807,297,78,169,95,63
2808,297,78,169,95,63
2809,297,78,169,95,63
2810,297,78,169,95,63
2811,297,78,169,95,63
2812,297,78,169,95,63
2813,297,78,169,95,63
2814,297,77,169,96,62
2815,297,77,169,96,62
2816,297,77,169,96,62
2817,297,77,169,96,62
2818,297,77,169,96,62
2819,297,77,169,96,62
2820,297,77,169,96,62
2821,297,77,169,96,62
2822,297,77,169,96,62
2823,297,77,169,96,62
2824,297,77,169,96,62
2825,298,76,169,96,63
2826,298,76,169,96,63
2827,298,76,169,96,63
2828,298,76,169,96,63
2829,298,76,169,96,63
2830,297,76,170,96,62
2831,297,76,170,96,62
2832,297,76,170,96,62
2833,298,75,170,96,63
2834,298,75,170,96,63
2835,298,75,170,96,63
2836,298,75,170,96,63
2837,298,76,170,96,63
2838,297,76,170,97,63
2839,297,76,170,97,63
2840,297,76,170,97,63
2841,297,76,170,97,63
2842,297,76,170,97,63
2843,298,75,170,97,63
2844,298,75,170,97,63
2845,298,75,170,97,63
2846,298,75,170,97,63
2847,298,74,170,98,63
2848,298,74,170,98,63
2849,298,74,170,98,63
2850,298,74,170,98,63
2851,298,75,170,98,63
2852,298,75,170,98,63
2853,298,75,170,98,63
2854,298,76,170,98,63
2855,298,76,170,98,63
2856,298,76,170,98,63
2857,298,76,170,98,63
2858,298,76,170,98,63
2859,298,76,170,98,63
2860,298,76,170,98,63
2861,298,76,170,98,63
2862,298,76,170,98,62
2863,298,76,170,98,62
2864,298,76,170,98,62
2865,298,76,170,98,62
2866,299,75,170,98,62
2867,299,75,170,98,62
2868,300,75,170,98,63
2869,301,74,170,98,64
2870,301,74,170,98,63
2871,301,74,170,98,63
2872,301,74,170,98,63
2873,301,74,170,98,62
2874,301,74,170,98,62
2875,301,74,170,98,62
2876,301,74,170,98,62
2877,301,74,170,98,62
2878,301,74,170,98,62
2879,301,75,170,98,62
2880,301,75,170,98,62
2881,301,75,170,98,62
2882,303,73,170,98,64
2883,304,72,170,98,64
2884,304,72,170,98,64
2885,304,72,170,98,64
2886,304,72,170,98,64
2887,304,72,170,98,64
2888,304,72,170,98,64
2889,304,72,170,98,64
2890,304,72,170,98,64
2891,304,72,171,98,63
2892,304,72,171,98,63
2893,304,72,171,98,63
2894,303,72,172,98,62
2895,303,72,172,98,62
2896,303,72,172,98,62
2897,303,72,172,98,62
2898,303,72,172,98,62
2899,303,72,172,98,62
2900,303,72,172,98,62
2901,303,73,172,98,62
2902,303,73,172,98,62
2903,303,73,172,98,62
2904,303,73,172,98,62
2905,303,73,172,98,62
2906,303,73,172,98,62
2907,303,73,172,98,62
2908,303,73,172,98,62
2909,303,73,172,98,62
2910,303,73,172,98,62
2911,303,73,172,98,62
2912,303,73,172,98,62
2913,303,73,172,98,62
2914,303,72,172,99,63
2915,303,72,172,99,63
2916,303,72,172,99,63
2917,303,72,172,99,63
2918,303,72,172,99,63
2919,303,72,172,99,63
2920,303,72,172,99,63
2921,303,72,172,99,63
2922,303,73,172,99,63
2923,303,72,172,100,64
2924,303,72,172,100,64
2925,303,72,172,100,64
2926,303,72,172,100,64
2927,303,73,172,100,64
2928,303,73,172,100,64
2929,303,73,172,100,64
2930,303,73,172,100,64
2931,303,73,172,100,64
2932,303,73,173,100,64
2933,303,73,173,100,64
2934,304,72,173,100,64
2935,305,71,173,100,64
2936,305,71,173,100,64
2937,305,71,173,100,64
2938,305,71,173,100,64
2939,304,71,174,100,63
2940,304,71,174,100,63
2941,304,71,174,100,62
2942,304,71,174,100,62
2943,304,71,174,100,62
2944,305,70,174,100,62
2945,305,70,174,100,62
2946,305,69,175,100,62
2947,305,69,175,100,62
2948,305,70,175,100,62
2949,305,70,175,100,62
2950,305,70,175,100,62
2951,305,70,175,100,62
2952,305,70,175,100,62
2953,305,70,175,100,62
2954,305,70,175,100,62
2955,305,70,175,100,62
2956,305,70,175,100,62
2957,305,70,175,100,62
2958,305,70,175,100,61
2959,305,70,175,100,61
2960,305,70,175,100,61
2961,305,70,175,100,61
2962,305,71,175,100,61
2963,305,71,175,100,61
2964,305,71,175,100,61
2965,305,71,175,100,61
2966,305,71,175,100,61
2967,305,71,175,100,61
2968,305,71,175,100,61
2969,306,70,175,100,62
2970,306,70,175,100,62
2971,306,70,175,100,62
2972,306,70,175,100,62
2973,306,70,175,100,62
2974,307,69,175,100,63
2975,307,69,175,100,63
2976,307,69,175,100,63
2977,307,69,175,100,63
2978,308,68,175,100,63
2979,308,68,175,100,63
2980,308,68,175,100,63
2981,308,68,175,100,63
2982,308,68,175,100,63
2983,309,67,175,100,64
2984,309,67,175,100,64
2985,309,67,175,100,64
2986,309,67,175,100,64
2987,310,66,175,100,64
2988,310,67,175,100,64
2989,310,67,175,100,64
2990,310,67,175,100,64
2991,310,67,175,100,64
2992,311,66,175,100,65
2993,310,66,175,101,65
2994,310,66,175,101,65
2995,311,65,175,101,66
2996,311,65,175,101,66
2997,311,65,175,101,66
2998,311,65,175,101,66
2999,311,65,175,101,65
3000,309,65,175,103,65
3001,309,65,175,103,65
3002,310,64,175,103,66
3003,310,64,175,103,66
3004,310,64,175,103,66
3005,310,65,175,103,66
3006,310,65,175,103,66
3007,312,64,175,103,67
3008,312,64,175,103,67
3009,312,64,175,103,66
3010,312,64,175,103,66
3011,311,64,176,103,65
3012,311,64,176,103,65
3013,311,64,176,103,65
3014,311,64,176,103,65
3015,311,64,176,103,65
3016,311,64,176,103,65
3017,311,64,176,103,65
3018,311,64,176,103,65
3019,311,65,176,103,65
3020,311,65,176,103,65
3021,311,65,176,103,65
3022,311,65,176,103,65
3023,311,65,176,103,65
3024,311,65,176,103,65
3025,311,65,176,103,65
3026,311,65,176,103,65
3027,310,65,176,104,65
3028,310,65,176,104,65
3029,310,65,176,104,65
3030,310,65,176,104,65
3031,310,65,176,104,65
3032,310,65,176,104,65
3033,310,65,176,104,65
3034,311,64,176,104,66
3035,311,64,176,104,66
3036,311,65,176,104,66
3037,311,65,176,104,66
3038,311,65,176,104,66
3039,311,66,176,104,66
3040,311,66,176,104,66
3041,311,66,176,104,66
3042,311,66,176,104,66
3043,311,66,176,104,66
3044,311,66,176,104,66
3045,311,66,176,104,66
3046,311,66,176,104,66
3047,311,66,176,104,66
3048,311,66,176,104,66
3049,311,66,176,104,66
3050,311,66,176,104,66
3051,311,66,176,104,66
3052,311,66,176,104,66
3053,311,66,176,104,66
3054,311,67,177,104,66
3055,311,67,177,104,66
3056,311,67,177,104,66
3057,310,67,178,104,65
3058,310,67,178,104,65
3059,311,66,178,104,66
3060,311,66,178,104,66
3061,311,66,178,104,66
3062,311,66,178,104,66
3063,311,66,178,104,66
3064,311,66,178,104,66
3065,312,65,178,104,67
3066,312,65,178,104,67
3067,312,65,178,104,67
3068,313,67,178,104,68
3069,314,66,178,104,69
3070,314,66,178,104,69
3071,314,66,178,104,69
3072,314,66,178,104,69
3073,314,67,178,104,69
3074,314,67,178,104,69
3075,314,67,178,104,69
3076,314,66,179,104,69
3077,314,66,179,104,69
3078,315,65,179,104,70
3079,315,66,179,104,70
3080,315,66,179,104,70
3081,315,66,179,104,70
3082,315,66,179,104,69
3083,315,66,179,104,69
3084,315,66,179,104,69
3085,315,66,179,104,69
3086,315,66,179,104,69
3087,314,66,180,104,68
3088,313,66,181,104,67
3089,313,66,181,104,67
3090,313,66,181,104,67
3091,313,66,181,104,67
3092,314,65,181,104,67
3093,314,65,181,104,67
3094,314,65,181,104,67
3095,314,65,181,104,67
3096,314,65,181,104,67
3097,314,66,181,104,67
3098,314,66,181,104,67
3099,314,66,181,104,66
3100,314,66,181,104,66
3101,314,66,181,104,66
3102,314,66,181,104,66
3103,314,66,181,104,66
3104,314,66,181,104,66
3105,314,66,181,104,66
3106,314,66,181,104,66
3107,314,67,181,104,66
3108,316,65,181,104,68
3109,317,64,181,104,69
3110,317,64,181,104,69
3111,317,63,181,104,69
3112,317,63,181,104,69
3113,317,63,181,104,69
3114,317,63,181,104,69
3115,317,63,181,104,69
3116,317,63,181,104,69
3117,317,63,181,104,69
3118,318,62,181,104,70
3119,318,62,181,104,70
3120,318,62,181,104,70
3121,318,62,181,104,70
3122,318,63,182,104,70
3123,318,63,182,104,69
3124,318,64,182,104,69
3125,318,64,182,104,69
3126,318,64,182,104,69
3127,320,62,182,104,71
3128,320,62,182,104,71
3129,320,62,182,104,71
3130,319,62,182,105,71
3131,319,64,182,105,71
3132,319,64,182,105,71
3133,319,64,182,105,71
3134,319,64,182,105,71
3135,320,65,182,105,71
3136,320,65,182,105,71
3137,320,65,182,105,71
3138,319,65,183,105,70
3139,319,65,183,105,70
3140,319,65,183,105,70
3141,318,65,184,105,69
3142,318,65,184,105,69
3143,318,65,184,105,69
3144,318,65,184,105,69
3145,318,66,184,105,69
3146,318,66,184,105,68
3147,318,67,184,105,68
3148,318,67,184,105,68
3149,318,67,184,105,68
3150,318,67,184,105,68
3151,318,67,184,105,68
3152,318,67,184,105,68
3153,318,67,184,105,68
3154,318,67,184,105,68
3155,318,67,184,105,68
3156,318,67,184,105,68
3157,318,68,184,105,68
3158,318,68,184,105,68
3159,318,68,184,105,68
3160,318,68,184,105,68
3161,318,68,184,105,68
3162,319,67,184,105,68
3163,319,68,184,105,68
3164,319,68,184,105,68
3165,319,69,185,105,68
3166,320,68,185,105,68
3167,320,68,185,105,68
3168,320,69,185,105,68
3169,320,69,185,105,68
3170,320,69,185,105,68
3171,320,69,185,105,68
3172,320,69,185,105,68
3173,320,69,185,105,68
3174,320,70,185,105,68
3175,320,70,185,105,68
3176,320,70,185,105,68
3177,319,70,186,105,67
3178,319,70,186,105,67
3179,319,70,186,105,67
3180,319,70,186,105,67
3181,319,71,186,105,67
3182,319,71,186,105,67
3183,319,71,186,105,67
3184,319,71,186,105,67
3185,319,71,186,105,67
3186,319,71,186,105,67
3187,319,71,186,105,67
3188,319,71,186,105,67
3189,318,71,186,106,67
3190,319,70,186,106,68
3191,319,70,187,106,67
3192,319,70,187,106,67
3193,318,70,188,106,66
3194,318,70,188,106,66
3195,318,70,188,106,66
3196,318,70,188,106,66
3197,318,70,188,106,66
3198,318,70,188,106,66
3199,319,69,188,106,67
3200,319,69,188,106,67
3201,319,69,188,106,67
3202,319,69,188,106,67
3203,319,69,188,106,67
3204,319,69,188,106,67
3205,319,69,188,106,67
3206,319,69,188,106,67
3207,319,69,188,106,67
3208,318,70,189,106,65
3209,318,70,189,106,65
3210,318,70,189,106,65
3211,319,69,189,106,66
3212,319,69,189,106,66
3213,319,69,189,106,66
3214,319,69,189,106,66
3215,319,69,189,106,66
3216,320,68,189,106,66
3217,321,67,189,106,66
3218,321,67,189,106,66
3219,321,67,189,106,66
3220,321,67,189,106,66
3221,321,67,189,106,66
3222,321,67,189,106,66
3223,321,67,189,106,66
3224,320,68,190,106,65
3225,320,68,190,106,65
3226,320,68,190,106,65
3227,319,68,190,107,65
3228,318,68,190,108,65
3229,317,68,191,108,64
3230,317,68,191,108,64
3231,317,68,191,108,64
3232,317,68,191,108,64
3233,317,68,191,108,64
3234,317,68,191,108,63
3235,318,67,191,108,64
3236,318,67,191,108,64
3237,318,67,191,108,64
3238,318,67,191,108,63
3239,319,66,191,108,63
3240,319,66,191,108,63
3241,319,66,191,108,63
3242,320,65,191,108,64
3243,321,64,191,108,64
3244,322,63,191,108,65
3245,322,63,191,108,65
3246,322,64,191,108,65
3247,322,64,191,108,65
3248,322,64,191,108,65
3249,322,64,191,108,65
3250,322,64,191,108,65
3251,322,64,191,108,65
3252,322,64,191,108,65
3253,322,65,191,108,65
3254,322,65,191,108,65
3255,322,65,191,108,65
3256,322,65,191,108,65
3257,322,65,191,108,65
3258,322,65,191,108,65
3259,322,65,191,108,65
3260,322,66,191,108,65
3261,322,66,191,108,65
3262,322,66,191,108,65
3263,323,65,191,108,65
3264,323,65,191,108,65
3265,322,65,191,109,65
3266,322,66,191,109,65
3267,322,66,191,109,65
3268,322,66,191,109,65
3269,322,66,191,109,65
3270,322,66,191,109,65
3271,322,66,191,109,65
3272,322,66,191,109,65
3273,322,66,191,109,65
3274,322,67,191,109,65
3275,322,67,191,109,65
3276,322,67,191,109,65
3277,322,67,191,109,65
3278,321,67,191,110,65
3279,321,67,191,110,65
3280,321,67,191,110,65
3281,321,67,191,110,65
3282,322,67,191,110,66
3283,322,68,191,110,66
3284,322,68,191,110,66
3285,323,67,191,110,67
3286,323,68,191,110,67
3287,323,68,191,110,67
3288,324,67,191,110,68
3289,324,67,191,110,68
3290,324,67,191,110,68
3291,323,67,192,110,67
3292,323,67,192,110,67
3293,323,67,192,110,67
3294,323,67,192,110,67
3295,323,67,192,110,67
3296,323,67,192,110,67
3297,323,67,192,110,67
3298,323,67,192,110,67
3299,323,67,192,110,67
3300,323,67,192,110,67
3301,323,67,192,110,67
3302,323,67,192,110,67
3303,323,67,192,110,67
3304,323,67,192,110,67
3305,323,67,192,110,67
3306,323,67,192,110,67
3307,323,67,192,110,67
3308,323,67,192,110,67
3309,324,67,192,110,68
3310,323,67,193,110,67
3311,323,67,193,110,67
3312,323,67,193,110,66
3313,323,67,193,110,66
3314,323,67,193,110,66
3315,323,68,193,110,66
3316,323,68,193,110,66
3317,323,68,193,110,66
3318,323,68,193,110,66
3319,323,69,193,110,66
3320,323,69,193,110,66
3321,324,68,193,110,67
3322,324,68,193,110,67
3323,324,68,193,110,67
3324,323,68,194,110,66
3325,323,68,194,110,66
3326,323,68,194,110,66
3327,323,68,194,110,66
3328,323,68,194,110,66
3329,323,68,194,110,66
3330,322,68,195,110,65
3331,322,68,195,110,65
3332,322,68,195,110,65
3333,323,67,195,110,65
3334,323,67,195,110,65
3335,323,67,195,110,65
3336,323,67,195,110,65
3337,323,68,195,110,65
3338,323,68,195,110,65
3339,323,68,195,110,65
3340,323,68,195,110,65
3341,324,67,195,110,65
3342,321,67,198,110,62
3343,321,67,198,110,62
3344,321,67,198,110,62
3345,321,67,198,110,62
3346,321,67,198,110,62
3347,322,66,198,110,63
3348,322,66,198,110,63
3349,322,66,198,110,63
3350,324,64,198,110,64
3351,323,64,199,110,64
3352,324,63,199,110,65
3353,324,63,199,110,65
3354,324,63,199,110,65
3355,324,63,199,110,65
3356,324,63,199,110,65
3357,324,63,199,110,65
3358,324,63,199,110,65
3359,324,63,199,110,65
3360,325,63,199,110,66
3361,325,63,199,110,66
3362,325,63,199,110,66
3363,324,64,199,111,66
3364,325,63,199,111,66
3365,325,63,200,111,66
3366,325,63,200,111,66
3367,325,63,200,111,66
3368,325,63,200,111,66
3369,325,64,200,111,66
3370,325,64,200,111,66
3371,326,63,200,111,67
3372,326,63,200,111,67
3373,326,65,200,111,67
3374,326,65,200,111,67
3375,326,65,200,111,67
3376,326,65,200,111,67
3377,326,65,200,111,67
3378,326,66,200,111,67
3379,325,66,201,111,66
3380,325,66,201,111,66
3381,326,65,201,111,66
3382,327,64,201,111,67
3383,327,64,201,111,67
3384,327,64,201,111,67
3385,326,65,202,111,66
3386,326,65,202,111,66
3387,326,65,202,111,66
3388,326,65,202,111,66
3389,326,65,202,111,66
3390,326,65,202,111,66
3391,326,65,202,111,66
3392,326,65,202,111,64
3393,326,65,202,111,64
3394,326,65,202,111,64
3395,326,65,202,111,64
3396,326,65,202,111,64
3397,326,65,202,111,64
3398,326,65,202,111,64
3399,327,64,202,111,65
3400,327,65,202,111,65
3401,327,66,202,111,65
3402,327,66,202,111,64
3403,327,66,202,111,64
3404,327,66,202,111,64
3405,328,65,202,111,64
3406,328,65,202,111,64
3407,328,64,203,111,64
3408,328,64,203,111,64
3409,328,64,203,111,64
3410,327,65,204,111,63
3411,327,65,204,111,63
3412,327,65,204,111,63
3413,327,65,204,111,63
3414,327,65,204,111,63
3415,327,66,204,111,63
3416,326,66,205,111,63
3417,326,66,205,111,63
3418,327,65,205,111,64
3419,327,65,205,111,64
3420,326,65,205,112,63
3421,326,65,205,112,63
3422,326,65,205,112,63
3423,326,66,205,112,63
3424,326,66,205,112,63
3425,326,67,205,112,63
3426,326,68,205,112,63
3427,326,68,205,112,63
3428,326,68,205,112,63
3429,326,68,205,112,63
3430,325,68,205,113,63
3431,325,68,205,113,63
3432,327,66,205,113,65
3433,327,67,205,113,65
3434,327,67,205,113,65
3435,327,67,205,113,65
3436,327,67,205,113,65
3437,327,67,205,113,65
3438,327,67,205,113,65
3439,327,67,205,113,65
3440,328,66,205,113,64
3441,328,66,205,113,64
3442,328,66,205,113,64
3443,328,66,205,113,63
3444,328,66,205,113,63
3445,328,66,205,113,63
3446,328,66,205,113,63
3447,328,66,205,113,63
3448,328,66,205,113,63
3449,328,65,205,114,64
3450,328,65,205,114,64
3451,327,65,206,114,63
3452,327,65,206,114,63
3453,327,65,206,114,62
3454,328,64,206,114,63
3455,328,64,206,114,63
3456,327,64,206,115,63
3457,328,63,206,115,64
3458,328,63,206,115,63
3459,328,63,206,115,63
3460,328,64,206,115,63
3461,328,64,206,115,63
3462,328,65,206,115,63
3463,328,65,206,115,63
3464,328,65,206,115,63
3465,328,65,206,115,63
3466,328,65,206,115,63
3467,328,65,206,115,63
3468,328,65,206,115,63
3469,328,65,206,115,62
3470,328,66,206,115,62
3471,328,66,206,115,62
3472,328,67,206,115,62
3473,328,67,206,115,62
3474,328,67,206,115,62
3475,328,67,206,115,61
3476,328,67,206,115,61
3477,328,67,206,115,61
3478,328,67,206,115,61
3479,328,67,206,115,61
3480,328,67,206,115,61
3481,328,67,206,115,61
3482,328,67,206,115,61
3483,328,67,206,115,61
3484,328,67,206,115,61
3485,328,67,206,115,61
3486,328,67,206,115,61
3487,329,66,206,115,62
3488,329,67,206,115,62
3489,329,67,206,115,62
3490,329,67,206,115,62
3491,329,67,206,115,62
3492,328,67,207,115,62
3493,328,67,207,115,62
3494,328,67,207,115,62
3495,328,67,207,115,62
3496,328,67,207,115,62
3497,328,67,207,115,62
3498,328,67,207,115,62
3499,328,68,207,115,62
3500,327,68,207,116,62
